,playerId,shirtNo,name,position,height,weight,age,isFirstEleven,isManOfTheMatch,field,stats,subbedInPlayerId,subbedOutPeriod,subbedOutExpandedMinute,subbedInPeriod,subbedInExpandedMinute,subbedOutPlayerId,teamId
0,19545,1,Kasper Schmeichel,GK,189,88,38,True,False,home,"{'totalSaves': {'27': 1.0, '38': 1.0}, 'collected': {'38': 1.0}, 'parriedDanger': {'27': 1.0}, 'claimsHigh': {'42': 1.0, '44': 1.0, '57': 1.0}, 'possession': {'7': 1.0, '13': 3.0, '14': 1.0, '20': 3.0, '25': 1.0, '28': 1.0, '33': 1.0, '35': 1.0, '38': 1.0, '42': 1.0, '45': 2.0, '49': 2.0, '53': 1.0, '54': 1.0, '57': 1.0, '67': 1.0, '72': 1.0, '75': 1.0, '76': 1.0, '77': 1.0, '79': 1.0, '83': 2.0, '87': 2.0, '88': 1.0, '90': 2.0, '92': 1.0, '94': 2.0, '97': 1.0}, 'ratings': {'0': 6.0, '7': 6.0, '13': 6.0, '14': 5.74, '20': 5.73, '25': 5.74, '27': 5.94, '28': 5.94, '33': 5.93, '35': 5.91, '38': 6.12, '42': 6.22, '44': 6.33, '45': 6.33, '49': 6.34, '53': 6.35, '54': 6.36, '57': 6.45, '59': 6.19, '67': 6.2, '72': 6.2, '75': 6.21, '76': 6.2, '77': 6.21, '79': 6.2, '83': 6.21, '85': 6.26, '87': 6.26, '88': 6.27, '90': 6.26, '92': 6.25, '94': 6.26, '97': 6.27}, 'touches': {'7': 1.0, '13': 3.0, '14': 1.0, '20': 3.0, '25': 1.0, '27': 1.0, '28': 1.0, '33': 1.0, '35': 1.0, '38': 2.0, '42': 2.0, '44': 1.0, '45': 2.0, '49': 2.0, '53': 1.0, '54': 1.0, '57': 2.0, '67': 1.0, '72': 1.0, '75': 1.0, '76': 1.0, '77': 1.0, '79': 1.0, '83': 2.0, '87': 2.0, '88': 1.0, '90': 2.0, '92': 1.0, '94': 2.0, '97': 1.0}, 'passesTotal': {'7': 1.0, '13': 2.0, '14': 1.0, '20': 3.0, '25': 1.0, '28': 1.0, '45': 1.0, '49': 2.0, '53': 1.0, '54': 1.0, '67': 1.0, '75': 1.0, '77': 1.0, '83': 2.0, '87': 2.0, '88': 1.0, '94': 2.0, '97': 1.0, '33': 1.0, '35': 1.0, '57': 1.0, '76': 1.0, '79': 1.0, '90': 1.0, '92': 1.0}, 'passesAccurate': {'7': 1.0, '13': 1.0, '14': 1.0, '20': 2.0, '25': 1.0, '28': 1.0, '45': 1.0, '49': 2.0, '53': 1.0, '54': 1.0, '67': 1.0, '75': 1.0, '77': 1.0, '83': 2.0, '87': 2.0, '88': 1.0, '94': 1.0, '97': 1.0}, 'passSuccess': {'7': 100.0, '13': 50.0, '14': 100.0, '20': 66.67, '25': 100.0, '28': 100.0, '45': 100.0, '49': 100.0, '53': 100.0, '54': 100.0, '67': 100.0, '75': 100.0, '77': 100.0, '83': 100.0, '87': 100.0, '88': 100.0, '94': 50.0, '97': 100.0, '33': 0.0, '35': 0.0, '57': 0.0, '76': 0.0, '79': 0.0, '90': 0.0, '92': 0.0}}",,,,,,,425
1,401520,18,Alexander Bah,DR,183,76,26,True,False,home,"{'possession': {'2': 1.0, '4': 1.0, '19': 1.0, '21': 1.0, '22': 5.0, '24': 1.0, '28': 1.0, '29': 1.0, '33': 1.0, '34': 1.0, '36': 1.0, '44': 1.0, '52': 3.0, '54': 4.0, '60': 1.0, '64': 1.0, '65': 1.0, '66': 1.0, '69': 1.0, '72': 1.0, '74': 2.0, '76': 1.0, '83': 1.0, '87': 3.0, '88': 1.0, '90': 1.0, '92': 1.0, '95': 1.0}, 'ratings': {'0': 6.0, '2': 6.0, '4': 6.01, '6': 6.05, '12': 6.13, '13': 6.26, '14': 6.09, '16': 6.13, '18': 6.18, '19': 6.19, '21': 6.16, '22': 6.17, '24': 6.17, '28': 6.17, '29': 6.17, '33': 6.18, '34': 6.17, '36': 6.17, '43': 6.18, '44': 6.21, '49': 6.25, '52': 6.23, '54': 6.32, '59': 6.16, '60': 6.15, '64': 6.29, '65': 6.29, '66': 6.29, '69': 6.42, '72': 6.51, '74': 6.52, '76': 6.47, '77': 6.57, '78': 6.54, '83': 6.54, '85': 6.63, '87': 6.64, '88': 6.64, '89': 6.69, '90': 6.69, '92': 6.7, '93': 6.75, '95': 6.75, '96': 6.82}, 'shotsTotal': {'96': 1.0}, 'shotsOffTarget': {'96': 1.0}, 'clearances': {'12': 1.0, '89': 1.0, '93': 1.0}, 'interceptions': {'54': 1.0, '77': 1.0}, 'touches': {'2': 1.0, '4': 1.0, '5': 1.0, '6': 1.0, '7': 1.0, '12': 2.0, '13': 1.0, '16': 1.0, '18': 1.0, '19': 1.0, '21': 3.0, '22': 5.0, '24': 1.0, '28': 1.0, '29': 1.0, '33': 1.0, '34': 1.0, '36': 1.0, '44': 3.0, '49': 1.0, '51': 1.0, '52': 4.0, '54': 5.0, '60': 1.0, '64': 2.0, '65': 1.0, '66': 1.0, '69': 2.0, '72': 2.0, '74': 2.0, '76': 2.0, '77': 1.0, '78': 1.0, '81': 1.0, '83': 1.0, '87': 3.0, '88': 1.0, '89': 1.0, '90': 1.0, '92': 1.0, '93': 1.0, '94': 1.0, '95': 2.0, '96': 1.0}, 'passesTotal': {'2': 1.0, '4': 1.0, '19': 1.0, '21': 1.0, '22': 5.0, '24': 1.0, '28': 1.0, '29': 1.0, '33': 1.0, '36': 1.0, '52': 2.0, '54': 3.0, '64': 1.0, '65': 1.0, '66': 1.0, '69': 1.0, '74': 2.0, '76': 1.0, '83': 1.0, '87': 3.0, '88': 1.0, '90': 1.0, '92': 1.0, '95': 1.0, '44': 1.0, '60': 1.0}, 'passesAccurate': {'2': 1.0, '4': 1.0, '19': 1.0, '21': 1.0, '22': 5.0, '24': 1.0, '28': 1.0, '29': 1.0, '33': 1.0, '36': 1.0, '52': 2.0, '54': 2.0, '64': 1.0, '65': 1.0, '66': 1.0, '69': 1.0, '74': 2.0, '76': 1.0, '83': 1.0, '87': 3.0, '88': 1.0, '90': 1.0, '92': 1.0, '95': 1.0}, 'passesKey': {'96': 1.0}, 'passSuccess': {'2': 100.0, '4': 100.0, '19': 100.0, '21': 100.0, '22': 100.0, '24': 100.0, '28': 100.0, '29': 100.0, '33': 100.0, '36': 100.0, '52': 100.0, '54': 66.67, '64': 100.0, '65': 100.0, '66': 100.0, '69': 100.0, '74': 100.0, '76': 100.0, '83': 100.0, '87': 100.0, '88': 100.0, '90': 100.0, '92': 100.0, '95': 100.0, '44': 0.0, '60': 0.0}, 'aerialsTotal': {'21': 1.0}, 'offensiveAerials': {'21': 1.0}, 'cornersTotal': {'34': 1.0}, 'throwInsTotal': {'5': 1.0, '7': 1.0, '21': 1.0, '44': 1.0, '51': 1.0, '72': 1.0, '81': 1.0, '94': 1.0, '95': 1.0}, 'throwInsAccurate': {'5': 1.0, '7': 1.0, '21': 1.0, '44': 1.0, '51': 1.0, '72': 1.0, '81': 1.0, '94': 1.0}, 'foulsCommited': {'76': 1.0}, 'tacklesTotal': {'13': 1.0, '64': 1.0, '69': 1.0}, 'tackleSuccessful': {'13': 1.0, '64': 1.0, '69': 1.0}, 'tackleSuccess': {'13': 100.0, '64': 100.0, '69': 100.0}, 'dribblesAttempted': {'21': 1.0, '52': 1.0}, 'dribblesLost': {'21': 1.0, '52': 1.0}}",,,,,,,425
2,87182,3,Jannik Vestergaard,DC,199,94,32,True,False,home,"{'possession': {'1': 1.0, '2': 1.0, '7': 1.0, '14': 2.0, '15': 1.0, '17': 1.0, '18': 1.0, '19': 2.0, '20': 3.0, '22': 2.0, '24': 2.0, '25': 3.0, '28': 1.0, '29': 3.0, '31': 1.0, '34': 1.0, '36': 2.0, '37': 3.0, '40': 1.0, '45': 2.0, '49': 1.0, '51': 1.0, '54': 1.0, '60': 1.0, '63': 1.0, '64': 2.0, '65': 1.0, '67': 1.0, '69': 1.0, '72': 1.0, '73': 2.0, '75': 1.0, '76': 1.0, '78': 2.0, '81': 1.0, '83': 1.0, '86': 1.0, '87': 1.0, '88': 1.0, '90': 1.0, '92': 1.0, '97': 1.0}, 'ratings': {'0': 6.0, '1': 6.01, '2': 6.01, '7': 6.0, '14': 4.97, '15': 4.96, '17': 4.96, '18': 4.96, '19': 4.95, '20': 4.96, '22': 4.97, '24': 4.97, '25': 4.96, '28': 4.96, '29': 4.96, '31': 4.95, '34': 4.96, '36': 4.96, '37': 4.97, '40': 4.97, '41': 5.06, '45': 5.06, '49': 5.06, '51': 5.1, '54': 5.11, '59': 4.91, '60': 4.91, '63': 4.92, '64': 4.91, '65': 4.92, '67': 4.92, '69': 5.09, '72': 5.09, '73': 5.09, '75': 5.09, '76': 5.1, '78': 5.1, '81': 5.1, '83': 5.11, '85': 5.17, '86': 5.17, '87': 5.18, '88': 5.18, '90': 5.18, '92': 5.18, '94': 5.15, '97': 5.23}, 'touches': {'1': 1.0, '2': 1.0, '7': 1.0, '14': 2.0, '15': 1.0, '17': 1.0, '18': 1.0, '19': 2.0, '20': 3.0, '22': 2.0, '24': 2.0, '25': 3.0, '28': 1.0, '29': 3.0, '31': 1.0, '34': 1.0, '36': 2.0, '37': 3.0, '40': 1.0, '41': 1.0, '45': 2.0, '49': 1.0, '51': 2.0, '54': 1.0, '60': 1.0, '63': 1.0, '64': 2.0, '65': 1.0, '67': 1.0, '69': 2.0, '72': 1.0, '73': 2.0, '75': 1.0, '76': 1.0, '78': 2.0, '81': 1.0, '83': 1.0, '86': 1.0, '87': 1.0, '88': 1.0, '90': 1.0, '92': 1.0, '94': 1.0, '97': 1.0}, 'passesTotal': {'1': 1.0, '2': 1.0, '14': 2.0, '17': 1.0, '18': 1.0, '19': 2.0, '20': 3.0, '22': 2.0, '24': 2.0, '25': 3.0, '28': 1.0, '29': 3.0, '34': 1.0, '36': 2.0, '37': 3.0, '40': 1.0, '45': 2.0, '49': 1.0, '51': 1.0, '54': 1.0, '60': 1.0, '63': 1.0, '64': 2.0, '65': 1.0, '67': 1.0, '69': 1.0, '72': 1.0, '73': 2.0, '75': 1.0, '76': 1.0, '78': 2.0, '81': 1.0, '83': 1.0, '86': 1.0, '87': 1.0, '88': 1.0, '90': 1.0, '92': 1.0, '7': 1.0, '15': 1.0, '31': 1.0, '97': 1.0}, 'passesAccurate': {'1': 1.0, '2': 1.0, '14': 1.0, '17': 1.0, '18': 1.0, '19': 1.0, '20': 3.0, '22': 2.0, '24': 2.0, '25': 2.0, '28': 1.0, '29': 2.0, '34': 1.0, '36': 2.0, '37': 3.0, '40': 1.0, '45': 2.0, '49': 1.0, '51': 1.0, '54': 1.0, '60': 1.0, '63': 1.0, '64': 1.0, '65': 1.0, '67': 1.0, '69': 1.0, '72': 1.0, '73': 2.0, '75': 1.0, '76': 1.0, '78': 2.0, '81': 1.0, '83': 1.0, '86': 1.0, '87': 1.0, '88': 1.0, '90': 1.0, '92': 1.0}, 'passSuccess': {'1': 100.0, '2': 100.0, '14': 50.0, '17': 100.0, '18': 100.0, '19': 50.0, '20': 100.0, '22': 100.0, '24': 100.0, '25': 66.67, '28': 100.0, '29': 66.67, '34': 100.0, '36': 100.0, '37': 100.0, '40': 100.0, '45': 100.0, '49': 100.0, '51': 100.0, '54': 100.0, '60': 100.0, '63': 100.0, '64': 50.0, '65': 100.0, '67': 100.0, '69': 100.0, '72': 100.0, '73': 100.0, '75': 100.0, '76': 100.0, '78': 100.0, '81': 100.0, '83': 100.0, '86': 100.0, '87': 100.0, '88': 100.0, '90': 100.0, '92': 100.0, '7': 0.0, '15': 0.0, '31': 0.0, '97': 0.0}, 'aerialsTotal': {'97': 1.0}, 'aerialsWon': {'97': 1.0}, 'offensiveAerials': {'97': 1.0}, 'tacklesTotal': {'41': 1.0}, 'tackleSuccessful': {'41': 1.0}, 'tackleSuccess': {'41': 100.0}, 'dribblesWon': {'69': 1.0}, 'dribblesAttempted': {'69': 1.0}, 'dribbleSuccess': {'69': 100.0}, 'errors': {'14': 1.0}}",,,,,,,425
3,231135,2,Joachim Andersen,DC,192,86,28,True,False,home,"{'possession': {'0': 1.0, '2': 1.0, '6': 1.0, '7': 1.0, '9': 1.0, '13': 1.0, '14': 3.0, '16': 1.0, '18': 2.0, '19': 1.0, '20': 1.0, '22': 2.0, '29': 2.0, '36': 2.0, '43': 1.0, '44': 1.0, '49': 2.0, '50': 1.0, '51': 2.0, '52': 1.0, '54': 1.0, '64': 1.0, '65': 3.0, '66': 1.0, '67': 1.0, '72': 1.0, '73': 1.0, '74': 3.0, '76': 1.0, '77': 1.0, '79': 1.0, '81': 1.0, '86': 1.0, '87': 2.0, '88': 3.0, '90': 3.0, '92': 1.0, '93': 1.0, '94': 1.0}, 'ratings': {'0': 6.01, '1': 6.0, '2': 6.0, '6': 6.01, '7': 5.99, '9': 6.08, '10': 6.21, '12': 6.41, '13': 6.46, '14': 6.27, '16': 6.25, '18': 6.22, '19': 6.23, '20': 6.24, '22': 6.25, '23': 6.23, '26': 6.33, '29': 6.33, '31': 6.47, '36': 6.49, '39': 6.46, '43': 6.44, '44': 6.45, '49': 6.46, '50': 6.45, '51': 6.45, '52': 6.46, '54': 6.43, '56': 6.41, '58': 6.46, '59': 6.26, '61': 6.29, '64': 6.29, '65': 6.31, '66': 6.32, '67': 6.33, '72': 6.38, '73': 6.37, '74': 6.37, '76': 6.38, '77': 6.38, '78': 6.51, '79': 6.51, '81': 6.51, '82': 6.48, '85': 6.55, '86': 6.54, '87': 6.55, '88': 6.56, '89': 6.6, '90': 6.6, '91': 6.53, '92': 6.54, '93': 6.55, '94': 6.55}, 'clearances': {'10': 1.0, '13': 1.0, '58': 1.0, '72': 1.0}, 'interceptions': {'12': 1.0, '26': 1.0}, 'touches': {'0': 1.0, '2': 1.0, '6': 1.0, '7': 1.0, '9': 1.0, '10': 1.0, '12': 1.0, '13': 2.0, '14': 3.0, '16': 1.0, '18': 2.0, '19': 1.0, '20': 1.0, '22': 2.0, '26': 1.0, '29': 2.0, '31': 1.0, '36': 2.0, '39': 1.0, '43': 1.0, '44': 1.0, '48': 1.0, '49': 2.0, '50': 1.0, '51': 2.0, '52': 1.0, '54': 1.0, '58': 1.0, '61': 1.0, '64': 1.0, '65': 3.0, '66': 1.0, '67': 1.0, '72': 2.0, '73': 1.0, '74': 3.0, '76': 1.0, '77': 1.0, '78': 1.0, '79': 1.0, '81': 1.0, '86': 1.0, '87': 2.0, '88': 3.0, '89': 1.0, '90': 3.0, '91': 1.0, '92': 1.0, '93': 2.0, '94': 1.0}, 'passesTotal': {'0': 1.0, '2': 1.0, '6': 1.0, '9': 1.0, '13': 1.0, '14': 3.0, '16': 1.0, '18': 2.0, '19': 1.0, '20': 1.0, '22': 2.0, '29': 2.0, '36': 2.0, '44': 1.0, '49': 2.0, '51': 2.0, '52': 1.0, '54': 1.0, '64': 1.0, '65': 3.0, '66': 1.0, '67': 1.0, '72': 1.0, '74': 3.0, '76': 1.0, '77': 1.0, '79': 1.0, '81': 1.0, '87': 2.0, '88': 3.0, '90': 3.0, '92': 1.0, '93': 1.0, '94': 1.0, '7': 1.0, '43': 1.0, '50': 1.0, '73': 1.0, '86': 1.0}, 'passesAccurate': {'0': 1.0, '2': 1.0, '6': 1.0, '9': 1.0, '13': 1.0, '14': 3.0, '16': 1.0, '18': 2.0, '19': 1.0, '20': 1.0, '22': 2.0, '29': 1.0, '36': 2.0, '44': 1.0, '49': 2.0, '51': 2.0, '52': 1.0, '54': 1.0, '64': 1.0, '65': 3.0, '66': 1.0, '67': 1.0, '72': 1.0, '74': 3.0, '76': 1.0, '77': 1.0, '79': 1.0, '81': 1.0, '87': 2.0, '88': 3.0, '90': 3.0, '92': 1.0, '93': 1.0, '94': 1.0}, 'passSuccess': {'0': 100.0, '2': 100.0, '6': 100.0, '9': 100.0, '13': 100.0, '14': 100.0, '16': 100.0, '18': 100.0, '19': 100.0, '20': 100.0, '22': 100.0, '29': 50.0, '36': 100.0, '44': 100.0, '49': 100.0, '51': 100.0, '52': 100.0, '54': 100.0, '64': 100.0, '65': 100.0, '66': 100.0, '67': 100.0, '72': 100.0, '74': 100.0, '76': 100.0, '77': 100.0, '79': 100.0, '81': 100.0, '87': 100.0, '88': 100.0, '90': 100.0, '92': 100.0, '93': 100.0, '94': 100.0, '7': 0.0, '43': 0.0, '50': 0.0, '73': 0.0, '86': 0.0}, 'aerialsTotal': {'9': 1.0, '10': 1.0, '1': 1.0, '23': 1.0, '82': 1.0}, 'aerialsWon': {'9': 1.0, '10': 1.0}, 'aerialSuccess': {'1': 0.0, '23': 0.0, '82': 0.0}, 'offensiveAerials': {'1': 1.0, '23': 1.0}, 'defensiveAerials': {'9': 1.0, '10': 1.0, '82': 1.0}, 'foulsCommited': {'16': 1.0, '56': 1.0, '82': 1.0}, 'tacklesTotal': {'31': 1.0, '78': 1.0, '18': 1.0, '54': 1.0}, 'tackleSuccessful': {'31': 1.0, '78': 1.0}, 'tackleUnsuccesful': {'18': 1.0, '54': 1.0}, 'tackleSuccess': {'31': 100.0, '78': 100.0, '18': 0.0, '54': 0.0}, 'dribbledPast': {'18': 1.0, '54': 1.0}}",,,,,,,425
4,416970,17,Victor Kristiansen,DL,181,73,21,True,False,home,"{'possession': {'2': 1.0, '17': 2.0, '19': 1.0, '24': 1.0, '26': 1.0, '29': 1.0, '33': 1.0, '35': 1.0, '36': 2.0, '37': 3.0, '43': 1.0, '45': 2.0, '49': 2.0, '50': 1.0, '54': 1.0, '55': 1.0, '64': 1.0, '66': 1.0, '72': 1.0, '75': 3.0, '76': 1.0, '78': 1.0, '79': 1.0, '81': 1.0, '82': 1.0, '83': 1.0, '87': 1.0}, 'ratings': {'0': 6.0, '2': 6.12, '9': 6.09, '14': 5.92, '17': 5.92, '19': 5.92, '24': 5.92, '26': 5.93, '29': 5.93, '33': 5.94, '35': 5.95, '36': 5.94, '37': 5.95, '41': 6.15, '43': 6.15, '45': 6.14, '48': 6.27, '49': 6.28, '50': 6.27, '54': 6.27, '55': 6.26, '59': 6.09, '64': 6.1, '66': 6.1, '72': 6.11, '75': 6.12, '76': 6.13, '78': 6.12, '79': 6.13, '81': 6.13, '82': 6.13, '83': 6.12, '85': 6.2, '87': 6.2}, 'interceptions': {'41': 1.0}, 'touches': {'0': 1.0, '2': 2.0, '4': 1.0, '9': 2.0, '17': 2.0, '19': 1.0, '24': 1.0, '25': 1.0, '26': 2.0, '29': 1.0, '33': 1.0, '35': 1.0, '36': 2.0, '37': 3.0, '41': 1.0, '43': 1.0, '45': 2.0, '48': 1.0, '49': 2.0, '50': 2.0, '54': 1.0, '55': 1.0, '56': 1.0, '64': 1.0, '66': 1.0, '72': 1.0, '75': 3.0, '76': 1.0, '78': 1.0, '79': 1.0, '81': 1.0, '82': 1.0, '83': 1.0, '86': 1.0, '87': 1.0}, 'passesTotal': {'17': 2.0, '19': 1.0, '24': 1.0, '26': 1.0, '29': 1.0, '33': 1.0, '35': 1.0, '36': 1.0, '37': 3.0, '43': 1.0, '45': 2.0, '49': 2.0, '54': 1.0, '64': 1.0, '66': 1.0, '72': 1.0, '75': 3.0, '76': 1.0, '79': 1.0, '81': 1.0, '82': 1.0, '87': 1.0, '50': 1.0, '78': 1.0, '83': 1.0}, 'passesAccurate': {'17': 1.0, '19': 1.0, '24': 1.0, '26': 1.0, '29': 1.0, '33': 1.0, '35': 1.0, '36': 1.0, '37': 3.0, '43': 1.0, '45': 1.0, '49': 1.0, '54': 1.0, '64': 1.0, '66': 1.0, '72': 1.0, '75': 3.0, '76': 1.0, '79': 1.0, '81': 1.0, '82': 1.0, '87': 1.0}, 'passSuccess': {'17': 50.0, '19': 100.0, '24': 100.0, '26': 100.0, '29': 100.0, '33': 100.0, '35': 100.0, '36': 100.0, '37': 100.0, '43': 100.0, '45': 50.0, '49': 50.0, '54': 100.0, '64': 100.0, '66': 100.0, '72': 100.0, '75': 100.0, '76': 100.0, '79': 100.0, '81': 100.0, '82': 100.0, '87': 100.0, '50': 0.0, '78': 0.0, '83': 0.0}, 'throwInsTotal': {'0': 1.0, '4': 1.0, '25': 1.0, '26': 1.0, '50': 1.0, '86': 1.0}, 'throwInsAccurate': {'0': 1.0, '26': 1.0, '50': 1.0, '86': 1.0}, 'tacklesTotal': {'2': 1.0, '48': 1.0}, 'tackleSuccessful': {'2': 1.0, '48': 1.0}, 'tackleSuccess': {'2': 100.0, '48': 100.0}}",495260.0,"{'value': 2, 'displayName': 'SecondHalf'}",88.0,,,,425
5,101856,15,Christian Nørgaard,MC,187,73,30,True,False,home,"{'possession': {'1': 1.0, '2': 1.0, '6': 1.0, '7': 1.0, '14': 2.0, '17': 1.0, '18': 2.0, '19': 2.0, '20': 1.0, '22': 2.0, '24': 1.0, '26': 1.0, '29': 2.0, '34': 1.0, '36': 1.0, '37': 2.0, '43': 3.0, '51': 1.0, '52': 3.0, '53': 1.0}, 'ratings': {'0': 6.0, '1': 6.0, '2': 6.0, '6': 6.0, '7': 6.01, '14': 5.88, '17': 5.89, '18': 5.97, '19': 5.97, '20': 5.98, '22': 5.98, '24': 6.12, '26': 6.12, '29': 6.12, '31': 6.11, '32': 6.01, '34': 6.01, '36': 6.01, '37': 6.02, '43': 6.04, '51': 6.04, '52': 5.98, '53': 5.99, '55': 5.97, '59': 5.84}, 'touches': {'1': 1.0, '2': 1.0, '6': 1.0, '7': 1.0, '14': 2.0, '17': 1.0, '18': 2.0, '19': 2.0, '20': 1.0, '22': 2.0, '24': 2.0, '26': 1.0, '29': 2.0, '34': 1.0, '36': 1.0, '37': 2.0, '43': 3.0, '44': 1.0, '51': 1.0, '52': 5.0, '53': 1.0}, 'passesTotal': {'1': 1.0, '2': 1.0, '7': 1.0, '14': 2.0, '17': 1.0, '18': 2.0, '19': 2.0, '20': 1.0, '22': 2.0, '24': 1.0, '26': 1.0, '29': 2.0, '34': 1.0, '36': 1.0, '37': 2.0, '43': 3.0, '51': 1.0, '52': 3.0, '53': 1.0, '6': 1.0}, 'passesAccurate': {'1': 1.0, '2': 1.0, '7': 1.0, '14': 2.0, '17': 1.0, '18': 1.0, '19': 2.0, '20': 1.0, '22': 2.0, '24': 1.0, '26': 1.0, '29': 2.0, '34': 1.0, '36': 1.0, '37': 2.0, '43': 3.0, '51': 1.0, '52': 3.0, '53': 1.0}, 'passSuccess': {'1': 100.0, '2': 100.0, '7': 100.0, '14': 100.0, '17': 100.0, '18': 50.0, '19': 100.0, '20': 100.0, '22': 100.0, '24': 100.0, '26': 100.0, '29': 100.0, '34': 100.0, '36': 100.0, '37': 100.0, '43': 100.0, '51': 100.0, '52': 100.0, '53': 100.0, '6': 0.0}, 'aerialsTotal': {'18': 1.0}, 'aerialsWon': {'18': 1.0}, 'offensiveAerials': {'18': 1.0}, 'foulsCommited': {'31': 1.0, '55': 1.0}, 'tacklesTotal': {'24': 1.0}, 'tackleSuccessful': {'24': 1.0}, 'tackleSuccess': {'24': 100.0}, 'dispossessed': {'52': 1.0}}",401168.0,"{'value': 2, 'displayName': 'SecondHalf'}",62.0,,,,425
6,101859,23,Pierre-Emile Højbjerg,MC,185,84,29,True,False,home,"{'possession': {'2': 2.0, '4': 1.0, '9': 1.0, '17': 1.0, '19': 1.0, '22': 4.0, '24': 2.0, '25': 2.0, '28': 1.0, '29': 3.0, '34': 1.0, '36': 3.0, '37': 1.0, '38': 1.0, '43': 4.0, '49': 1.0, '51': 2.0, '52': 2.0, '60': 2.0, '64': 1.0, '65': 3.0, '66': 1.0, '67': 6.0, '73': 3.0, '76': 1.0, '78': 2.0, '79': 1.0, '83': 2.0, '87': 1.0, '88': 1.0, '90': 1.0, '92': 3.0}, 'ratings': {'0': 6.0, '1': 6.1, '2': 6.09, '4': 6.08, '5': 6.07, '8': 6.12, '9': 6.11, '14': 5.98, '17': 5.98, '19': 6.03, '22': 6.04, '24': 6.04, '25': 6.03, '28': 6.1, '29': 6.21, '34': 6.21, '36': 6.22, '37': 6.21, '38': 6.21, '43': 6.22, '49': 6.22, '51': 6.23, '52': 6.34, '59': 6.2, '60': 6.21, '64': 6.21, '65': 6.22, '66': 6.21, '67': 6.23, '73': 6.23, '74': 6.19, '75': 6.26, '76': 6.26, '78': 6.27, '79': 6.22, '80': 6.12, '83': 6.12, '85': 6.24, '87': 6.24, '88': 6.33, '90': 6.33, '92': 6.35, '96': 6.52}, 'shotsTotal': {'5': 1.0, '96': 1.0}, 'shotsOnTarget': {'96': 1.0}, 'shotsOffTarget': {'5': 1.0}, 'clearances': {'8': 1.0, '19': 1.0}, 'interceptions': {'1': 1.0, '29': 1.0}, 'touches': {'1': 1.0, '2': 2.0, '4': 1.0, '5': 1.0, '8': 1.0, '9': 1.0, '17': 1.0, '19': 2.0, '22': 4.0, '24': 2.0, '25': 2.0, '28': 1.0, '29': 5.0, '34': 1.0, '35': 1.0, '36': 3.0, '37': 1.0, '38': 1.0, '43': 4.0, '47': 1.0, '49': 1.0, '51': 2.0, '52': 4.0, '60': 2.0, '64': 1.0, '65': 3.0, '66': 1.0, '67': 6.0, '73': 3.0, '74': 1.0, '75': 2.0, '76': 1.0, '78': 2.0, '79': 2.0, '83': 2.0, '87': 1.0, '88': 1.0, '90': 1.0, '92': 3.0, '96': 1.0}, 'passesTotal': {'2': 2.0, '17': 1.0, '19': 1.0, '22': 4.0, '24': 2.0, '25': 2.0, '29': 3.0, '34': 1.0, '36': 3.0, '38': 1.0, '43': 4.0, '49': 1.0, '51': 2.0, '52': 2.0, '60': 2.0, '64': 1.0, '65': 3.0, '67': 6.0, '73': 3.0, '76': 1.0, '78': 2.0, '79': 1.0, '83': 2.0, '87': 1.0, '88': 1.0, '90': 1.0, '92': 3.0, '4': 1.0, '9': 1.0, '28': 1.0, '37': 1.0}, 'passesAccurate': {'2': 1.0, '17': 1.0, '19': 1.0, '22': 4.0, '24': 2.0, '25': 1.0, '29': 3.0, '34': 1.0, '36': 3.0, '38': 1.0, '43': 4.0, '49': 1.0, '51': 2.0, '52': 2.0, '60': 2.0, '64': 1.0, '65': 3.0, '67': 6.0, '73': 2.0, '76': 1.0, '78': 2.0, '79': 1.0, '83': 2.0, '87': 1.0, '88': 1.0, '90': 1.0, '92': 3.0}, 'passesKey': {'88': 1.0}, 'passSuccess': {'2': 50.0, '17': 100.0, '19': 100.0, '22': 100.0, '24': 100.0, '25': 50.0, '29': 100.0, '34': 100.0, '36': 100.0, '38': 100.0, '43': 100.0, '49': 100.0, '51': 100.0, '52': 100.0, '60': 100.0, '64': 100.0, '65': 100.0, '67': 100.0, '73': 66.67, '76': 100.0, '78': 100.0, '79': 100.0, '83': 100.0, '87': 100.0, '88': 100.0, '90': 100.0, '92': 100.0, '4': 0.0, '9': 0.0, '28': 0.0, '37': 0.0}, 'aerialsTotal': {'28': 1.0}, 'aerialsWon': {'28': 1.0}, 'defensiveAerials': {'28': 1.0}, 'throwInsTotal': {'35': 1.0}, 'throwInsAccurate': {'35': 1.0}, 'foulsCommited': {'79': 1.0}, 'tacklesTotal': {'52': 1.0}, 'tackleSuccessful': {'52': 1.0}, 'tackleSuccess': {'52': 100.0}, 'dispossessed': {'52': 1.0, '74': 1.0, '79': 1.0}}",,,,,,,425
7,403647,21,Morten Hjulmand,MC,185,77,25,True,False,home,"{'possession': {'2': 1.0, '5': 1.0, '9': 1.0, '14': 1.0, '17': 1.0, '18': 1.0, '19': 2.0, '22': 1.0, '25': 1.0, '27': 1.0, '29': 2.0, '33': 1.0, '36': 1.0, '37': 5.0, '38': 1.0, '43': 2.0, '49': 1.0, '53': 1.0, '55': 1.0, '64': 1.0, '65': 2.0, '66': 1.0, '67': 2.0, '69': 1.0, '74': 4.0, '75': 4.0, '81': 1.0, '86': 1.0, '87': 2.0, '88': 1.0, '90': 2.0, '92': 2.0, '94': 2.0, '95': 3.0}, 'ratings': {'0': 6.0, '2': 6.0, '3': 5.97, '5': 5.97, '9': 5.98, '14': 5.83, '17': 5.84, '18': 5.84, '19': 5.84, '22': 5.84, '23': 6.04, '25': 6.04, '27': 6.03, '29': 6.03, '31': 6.08, '33': 6.09, '34': 6.19, '36': 6.19, '37': 6.2, '38': 6.29, '43': 6.29, '45': 6.33, '49': 6.33, '53': 6.33, '55': 6.33, '59': 6.2, '64': 6.2, '65': 6.22, '66': 6.36, '67': 6.37, '69': 6.54, '74': 6.66, '75': 6.66, '81': 6.67, '85': 6.78, '86': 6.78, '87': 6.79, '88': 6.79, '90': 6.79, '92': 6.8, '93': 7.0, '94': 7.01, '95': 7.18, '96': 7.21}, 'shotsTotal': {'23': 1.0}, 'shotsBlocked': {'23': 1.0}, 'clearances': {'31': 1.0}, 'interceptions': {'74': 1.0, '93': 1.0}, 'touches': {'2': 1.0, '3': 1.0, '5': 1.0, '9': 1.0, '14': 1.0, '17': 2.0, '18': 1.0, '19': 2.0, '22': 1.0, '23': 1.0, '25': 1.0, '27': 1.0, '29': 2.0, '31': 1.0, '33': 1.0, '34': 2.0, '36': 1.0, '37': 5.0, '38': 1.0, '43': 2.0, '45': 1.0, '49': 1.0, '53': 1.0, '55': 1.0, '64': 1.0, '65': 2.0, '66': 2.0, '67': 2.0, '69': 2.0, '74': 6.0, '75': 4.0, '81': 1.0, '83': 1.0, '86': 1.0, '87': 2.0, '88': 1.0, '90': 2.0, '92': 2.0, '93': 1.0, '94': 2.0, '95': 4.0, '96': 1.0}, 'passesTotal': {'2': 1.0, '5': 1.0, '9': 1.0, '17': 1.0, '18': 1.0, '19': 2.0, '22': 1.0, '25': 1.0, '29': 2.0, '33': 1.0, '36': 1.0, '37': 5.0, '38': 1.0, '43': 2.0, '49': 1.0, '53': 1.0, '55': 1.0, '64': 1.0, '65': 2.0, '66': 1.0, '67': 2.0, '69': 1.0, '74': 4.0, '75': 4.0, '81': 1.0, '86': 1.0, '87': 2.0, '88': 1.0, '90': 2.0, '92': 2.0, '94': 2.0, '95': 3.0, '14': 1.0, '27': 1.0}, 'passesAccurate': {'2': 1.0, '5': 1.0, '9': 1.0, '17': 1.0, '18': 1.0, '19': 2.0, '22': 1.0, '25': 1.0, '29': 2.0, '33': 1.0, '36': 1.0, '37': 5.0, '38': 1.0, '43': 2.0, '49': 1.0, '53': 1.0, '55': 1.0, '64': 1.0, '65': 2.0, '66': 1.0, '67': 2.0, '69': 1.0, '74': 4.0, '75': 4.0, '81': 1.0, '86': 1.0, '87': 1.0, '88': 1.0, '90': 2.0, '92': 2.0, '94': 2.0, '95': 2.0}, 'passesKey': {'38': 1.0, '95': 1.0}, 'passSuccess': {'2': 100.0, '5': 100.0, '9': 100.0, '17': 100.0, '18': 100.0, '19': 100.0, '22': 100.0, '25': 100.0, '29': 100.0, '33': 100.0, '36': 100.0, '37': 100.0, '38': 100.0, '43': 100.0, '49': 100.0, '53': 100.0, '55': 100.0, '64': 100.0, '65': 100.0, '66': 100.0, '67': 100.0, '69': 100.0, '74': 100.0, '75': 100.0, '81': 100.0, '86': 100.0, '87': 50.0, '88': 100.0, '90': 100.0, '92': 100.0, '94': 100.0, '95': 66.67, '14': 0.0, '27': 0.0}, 'cornersTotal': {'23': 1.0}, 'tacklesTotal': {'34': 1.0, '66': 1.0, '95': 1.0}, 'tackleSuccessful': {'34': 1.0, '66': 1.0, '95': 1.0}, 'tackleSuccess': {'34': 100.0, '66': 100.0, '95': 100.0}, 'dribblesWon': {'69': 1.0}, 'dribblesAttempted': {'69': 1.0}, 'dribbleSuccess': {'69': 100.0}, 'dispossessed': {'34': 1.0}}",,,,,,,425
8,69344,10,Christian Eriksen,FWR,182,76,32,True,False,home,"{'possession': {'0': 1.0, '1': 3.0, '5': 1.0, '7': 1.0, '14': 1.0, '15': 1.0, '16': 1.0, '18': 1.0, '22': 2.0, '23': 2.0, '24': 1.0, '30': 1.0, '34': 1.0, '38': 2.0, '39': 1.0, '40': 1.0, '43': 2.0, '47': 1.0, '51': 1.0, '52': 4.0, '54': 1.0, '60': 1.0, '64': 1.0, '65': 1.0, '67': 1.0, '69': 1.0, '74': 1.0, '75': 1.0, '76': 1.0, '78': 1.0, '79': 1.0}, 'ratings': {'0': 6.0, '1': 5.99, '5': 5.98, '7': 5.97, '14': 5.89, '15': 5.89, '16': 5.88, '18': 5.89, '21': 5.88, '22': 5.87, '23': 6.03, '24': 6.03, '30': 6.03, '34': 6.02, '38': 6.16, '39': 6.24, '40': 6.32, '43': 6.33, '47': 6.32, '51': 6.31, '52': 6.32, '54': 6.32, '59': 6.24, '60': 6.24, '64': 6.25, '65': 6.25, '67': 6.24, '69': 6.26, '72': 6.22, '74': 6.23, '75': 6.23, '76': 6.23, '78': 6.24, '79': 6.33}, 'shotsTotal': {'38': 1.0}, 'shotsOffTarget': {'38': 1.0}, 'touches': {'0': 1.0, '1': 3.0, '4': 1.0, '5': 1.0, '6': 1.0, '7': 2.0, '14': 1.0, '15': 1.0, '16': 1.0, '18': 1.0, '21': 2.0, '22': 2.0, '23': 2.0, '24': 1.0, '30': 1.0, '34': 1.0, '35': 1.0, '38': 4.0, '39': 1.0, '40': 1.0, '43': 2.0, '47': 1.0, '51': 1.0, '52': 4.0, '54': 1.0, '60': 1.0, '64': 1.0, '65': 1.0, '67': 1.0, '69': 1.0, '72': 1.0, '74': 1.0, '75': 1.0, '76': 1.0, '78': 1.0, '79': 1.0}, 'passesTotal': {'0': 1.0, '1': 1.0, '14': 1.0, '15': 1.0, '18': 1.0, '22': 1.0, '24': 1.0, '38': 2.0, '40': 1.0, '43': 2.0, '52': 3.0, '54': 1.0, '60': 1.0, '64': 1.0, '65': 1.0, '69': 1.0, '74': 1.0, '75': 1.0, '76': 1.0, '78': 1.0, '79': 1.0, '7': 1.0, '30': 1.0, '47': 1.0, '67': 1.0}, 'passesAccurate': {'0': 1.0, '1': 1.0, '14': 1.0, '15': 1.0, '18': 1.0, '22': 1.0, '24': 1.0, '38': 2.0, '40': 1.0, '43': 2.0, '52': 3.0, '54': 1.0, '60': 1.0, '64': 1.0, '65': 1.0, '69': 1.0, '74': 1.0, '75': 1.0, '76': 1.0, '78': 1.0, '79': 1.0}, 'passesKey': {'23': 1.0, '79': 1.0}, 'passSuccess': {'0': 100.0, '1': 100.0, '14': 100.0, '15': 100.0, '18': 100.0, '22': 100.0, '24': 100.0, '38': 100.0, '40': 100.0, '43': 100.0, '52': 100.0, '54': 100.0, '60': 100.0, '64': 100.0, '65': 100.0, '69': 100.0, '74': 100.0, '75': 100.0, '76': 100.0, '78': 100.0, '79': 100.0, '7': 0.0, '30': 0.0, '47': 0.0, '67': 0.0}, 'aerialsTotal': {'40': 1.0}, 'aerialsWon': {'40': 1.0}, 'defensiveAerials': {'40': 1.0}, 'cornersTotal': {'1': 1.0, '22': 1.0}, 'cornersAccurate': {'23': 1.0, '39': 1.0}, 'throwInAccuracy': {'1': 0.0, '22': 0.0}, 'dribblesWon': {'38': 1.0}, 'dribblesAttempted': {'38': 1.0, '21': 1.0}, 'dribblesLost': {'21': 1.0}, 'dribbleSuccess': {'38': 100.0, '21': 0.0}}",377276.0,"{'value': 2, 'displayName': 'SecondHalf'}",80.0,,,,425
9,439584,9,Rasmus Højlund,FW,191,86,21,True,False,home,"{'possession': {'0': 2.0, '14': 1.0, '21': 1.0, '22': 1.0, '31': 1.0, '50': 1.0, '51': 1.0, '53': 1.0, '60': 1.0, '72': 1.0}, 'ratings': {'0': 6.01, '3': 5.99, '9': 6.02, '14': 5.96, '21': 5.95, '22': 5.95, '31': 5.94, '35': 5.92, '45': 5.89, '50': 5.97, '51': 5.97, '53': 5.98, '59': 5.91, '60': 5.91, '72': 5.95, '79': 5.88}, 'clearances': {'9': 1.0}, 'touches': {'0': 3.0, '9': 1.0, '14': 1.0, '21': 1.0, '22': 1.0, '31': 2.0, '50': 1.0, '51': 1.0, '53': 1.0, '60': 1.0, '72': 2.0, '79': 1.0}, 'passesTotal': {'0': 2.0, '14': 1.0, '22': 1.0, '31': 1.0, '50': 1.0, '51': 1.0, '53': 1.0, '60': 1.0, '72': 1.0, '21': 1.0}, 'passesAccurate': {'0': 2.0, '14': 1.0, '22': 1.0, '31': 1.0, '50': 1.0, '51': 1.0, '53': 1.0, '60': 1.0, '72': 1.0}, 'passSuccess': {'0': 100.0, '14': 100.0, '22': 100.0, '31': 100.0, '50': 100.0, '51': 100.0, '53': 100.0, '60': 100.0, '72': 100.0, '21': 0.0}, 'aerialsTotal': {'50': 1.0, '9': 1.0}, 'aerialsWon': {'50': 1.0}, 'aerialSuccess': {'9': 0.0}, 'defensiveAerials': {'9': 1.0, '50': 1.0}, 'offsidesCaught': {'35': 1.0}, 'foulsCommited': {'3': 1.0}, 'tacklesTotal': {'45': 1.0, '79': 1.0}, 'tackleUnsuccesful': {'45': 1.0, '79': 1.0}, 'dribbledPast': {'45': 1.0, '79': 1.0}}",322163.0,"{'value': 2, 'displayName': 'SecondHalf'}",80.0,,,,425
10,424809,7,Albert Grønbæk,FWL,176,65,23,True,False,home,"{'possession': {'0': 2.0, '2': 2.0, '9': 1.0, '17': 1.0, '18': 2.0, '19': 2.0, '24': 1.0, '31': 1.0, '34': 1.0, '36': 1.0, '37': 1.0, '40': 1.0, '43': 1.0, '49': 1.0, '51': 1.0, '53': 1.0}, 'ratings': {'0': 5.97, '2': 5.98, '4': 5.97, '6': 5.93, '9': 5.92, '14': 5.83, '17': 5.84, '18': 5.83, '19': 5.84, '24': 5.85, '26': 5.9, '31': 5.9, '34': 5.9, '36': 5.89, '37': 5.89, '40': 5.89, '43': 5.89, '44': 5.85, '45': 5.82, '49': 5.82, '51': 5.81, '53': 5.81, '54': 5.8, '58': 5.85, '59': 5.76}, 'shotsTotal': {'38': 1.0}, 'shotsBlocked': {'38': 1.0}, 'clearances': {'58': 1.0}, 'touches': {'0': 3.0, '2': 2.0, '4': 2.0, '6': 1.0, '9': 2.0, '17': 1.0, '18': 2.0, '19': 2.0, '24': 1.0, '26': 1.0, '31': 1.0, '34': 1.0, '36': 1.0, '37': 2.0, '38': 2.0, '40': 1.0, '43': 1.0, '44': 1.0, '49': 1.0, '51': 1.0, '53': 1.0, '54': 1.0, '58': 1.0}, 'passesTotal': {'2': 2.0, '9': 1.0, '17': 1.0, '18': 2.0, '19': 2.0, '24': 1.0, '34': 1.0, '37': 1.0, '49': 1.0, '0': 2.0, '31': 1.0, '36': 1.0, '40': 1.0, '43': 1.0, '51': 1.0, '53': 1.0}, 'passesAccurate': {'2': 2.0, '9': 1.0, '17': 1.0, '18': 1.0, '19': 2.0, '24': 1.0, '34': 1.0, '37': 1.0, '49': 1.0}, 'passSuccess': {'2': 100.0, '9': 100.0, '17': 100.0, '18': 50.0, '19': 100.0, '24': 100.0, '34': 100.0, '37': 100.0, '49': 100.0, '0': 0.0, '31': 0.0, '36': 0.0, '40': 0.0, '43': 0.0, '51': 0.0, '53': 0.0}, 'aerialsTotal': {'26': 1.0}, 'aerialsWon': {'26': 1.0}, 'offensiveAerials': {'26': 1.0}, 'cornersTotal': {'0': 1.0, '38': 1.0}, 'tacklesTotal': {'45': 1.0}, 'tackleUnsuccesful': {'45': 1.0}, 'dribbledPast': {'45': 1.0}, 'dribblesAttempted': {'0': 1.0, '4': 1.0, '9': 1.0, '54': 1.0}, 'dribblesLost': {'0': 1.0, '4': 1.0, '9': 1.0, '54': 1.0}}",403648.0,"{'value': 2, 'displayName': 'SecondHalf'}",62.0,,,,425
11,322163,12,Kasper Dolberg,Sub,187,80,27,,False,home,"{'ratings': {'80': 6.0, '85': 6.1, '91': 6.07}, 'touches': {'91': 1.0}, 'dispossessed': {'91': 1.0}}",,,,"{'value': 2, 'displayName': 'SecondHalf'}",80.0,439584.0,425
12,377276,11,Andreas Skov Olsen,Sub,187,75,24,,False,home,"{'possession': {'83': 2.0, '87': 2.0, '90': 1.0, '92': 1.0, '94': 1.0, '95': 1.0}, 'ratings': {'80': 6.0, '83': 5.99, '85': 6.09, '87': 6.08, '90': 6.08, '92': 6.08, '94': 6.08, '95': 6.08, '97': 6.06}, 'shotsTotal': {'95': 1.0}, 'shotsBlocked': {'95': 1.0}, 'touches': {'83': 2.0, '87': 2.0, '90': 1.0, '92': 1.0, '94': 1.0, '95': 2.0}, 'passesTotal': {'83': 2.0, '87': 1.0, '90': 1.0, '92': 1.0, '95': 1.0, '94': 1.0}, 'passesAccurate': {'83': 1.0, '87': 1.0, '90': 1.0, '92': 1.0, '95': 1.0}, 'passSuccess': {'83': 50.0, '87': 100.0, '90': 100.0, '92': 100.0, '95': 100.0, '94': 0.0}, 'aerialsTotal': {'97': 1.0}, 'offensiveAerials': {'97': 1.0}, 'cornersTotal': {'95': 1.0}}",,,,"{'value': 2, 'displayName': 'SecondHalf'}",80.0,69344.0,425
13,401168,14,Mikkel Damsgaard,Sub,180,66,24,,False,home,"{'possession': {'63': 1.0, '67': 2.0, '74': 1.0, '78': 1.0, '79': 2.0, '86': 1.0, '87': 1.0, '88': 1.0, '90': 1.0, '92': 1.0, '94': 1.0, '96': 1.0}, 'ratings': {'62': 6.0, '63': 6.08, '67': 6.07, '74': 6.08, '78': 6.08, '79': 6.05, '83': 6.04, '85': 6.14, '86': 6.14, '87': 6.15, '88': 6.15, '90': 6.14, '92': 6.23, '94': 6.23, '96': 6.22}, 'touches': {'63': 1.0, '67': 2.0, '74': 1.0, '78': 1.0, '79': 2.0, '83': 1.0, '85': 1.0, '86': 1.0, '87': 1.0, '88': 1.0, '90': 2.0, '92': 2.0, '94': 1.0, '96': 1.0}, 'passesTotal': {'67': 2.0, '74': 1.0, '78': 1.0, '79': 2.0, '86': 1.0, '87': 1.0, '88': 1.0, '92': 1.0, '94': 1.0, '63': 1.0, '90': 1.0}, 'passesAccurate': {'67': 1.0, '74': 1.0, '78': 1.0, '79': 2.0, '86': 1.0, '87': 1.0, '88': 1.0, '92': 1.0, '94': 1.0}, 'passSuccess': {'67': 50.0, '74': 100.0, '78': 100.0, '79': 100.0, '86': 100.0, '87': 100.0, '88': 100.0, '92': 100.0, '94': 100.0, '63': 0.0, '90': 0.0}, 'aerialsTotal': {'63': 1.0}, 'aerialsWon': {'63': 1.0}, 'offensiveAerials': {'63': 1.0}, 'tacklesTotal': {'92': 1.0, '79': 1.0}, 'tackleSuccessful': {'92': 1.0}, 'tackleUnsuccesful': {'79': 1.0}, 'tackleSuccess': {'92': 100.0, '79': 0.0}, 'dribbledPast': {'79': 1.0}, 'dribblesAttempted': {'83': 1.0}, 'dribblesLost': {'83': 1.0}}",,,,"{'value': 2, 'displayName': 'SecondHalf'}",62.0,101856.0,425
14,403648,8,Gustav Isaksen,Sub,181,68,23,,False,home,"{'possession': {'64': 2.0, '65': 2.0, '66': 1.0, '67': 3.0, '74': 2.0, '75': 1.0, '79': 1.0, '87': 1.0, '88': 1.0, '92': 2.0, '93': 1.0, '94': 1.0}, 'ratings': {'62': 6.0, '64': 5.99, '65': 6.0, '66': 6.16, '67': 6.17, '69': 6.32, '74': 6.32, '75': 6.33, '78': 6.36, '79': 6.68, '81': 6.66, '85': 7.7, '86': 7.73, '87': 7.72, '88': 7.71, '92': 7.7, '93': 7.6, '94': 7.6}, 'shotsTotal': {'79': 1.0, '85': 1.0, '88': 1.0}, 'shotsOnPost': {'79': 1.0}, 'shotsOnTarget': {'85': 1.0}, 'shotsOffTarget': {'79': 1.0, '88': 1.0}, 'touches': {'64': 2.0, '65': 2.0, '66': 3.0, '67': 3.0, '69': 3.0, '74': 2.0, '75': 1.0, '78': 1.0, '79': 2.0, '81': 2.0, '85': 2.0, '86': 1.0, '87': 1.0, '88': 2.0, '92': 2.0, '93': 1.0, '94': 1.0}, 'passesTotal': {'64': 1.0, '65': 2.0, '67': 3.0, '74': 2.0, '75': 1.0, '79': 1.0, '88': 1.0, '92': 2.0, '94': 1.0, '66': 1.0, '87': 1.0}, 'passesAccurate': {'64': 1.0, '65': 2.0, '67': 3.0, '74': 2.0, '75': 1.0, '79': 1.0, '88': 1.0, '92': 1.0, '94': 1.0}, 'passSuccess': {'64': 100.0, '65': 100.0, '67': 100.0, '74': 100.0, '75': 100.0, '79': 100.0, '88': 100.0, '92': 50.0, '94': 100.0, '66': 0.0, '87': 0.0}, 'tacklesTotal': {'85': 1.0}, 'tackleSuccessful': {'85': 1.0}, 'tackleSuccess': {'85': 100.0}, 'dribblesWon': {'66': 1.0, '69': 1.0}, 'dribblesAttempted': {'66': 1.0, '69': 2.0, '81': 1.0}, 'dribblesLost': {'69': 1.0, '81': 1.0}, 'dribbleSuccess': {'66': 100.0, '69': 50.0, '81': 0.0}}",,,,"{'value': 2, 'displayName': 'SecondHalf'}",62.0,424809.0,425
15,495260,13,Patrick Dorgu,Sub,185,68,20,,False,home,"{'possession': {'90': 2.0, '92': 1.0, '94': 2.0}, 'ratings': {'88': 6.0, '90': 6.01, '92': 6.01, '93': 6.05, '94': 6.06}, 'touches': {'90': 2.0, '92': 1.0, '93': 1.0, '94': 2.0}, 'passesTotal': {'90': 2.0, '92': 1.0, '94': 2.0}, 'passesAccurate': {'90': 2.0, '92': 1.0, '94': 2.0}, 'passSuccess': {'90': 100.0, '92': 100.0, '94': 100.0}}",,,,"{'value': 2, 'displayName': 'SecondHalf'}",88.0,416970.0,425
16,132943,20,Yussuf Poulsen,Sub,192,84,30,,False,home,{},,,,,,,425
17,329554,5,Mads Roerslev,Sub,184,77,25,,False,home,{},,,,,,,425
18,353565,19,Jonas Wind,Sub,190,82,25,,False,home,{},,,,,,,425
19,376805,4,Victor Nelsson,Sub,185,78,26,,False,home,{},,,,,,,425
20,377279,22,Peter Vindahl,Sub,195,89,26,,False,home,{},,,,,,,425
21,409426,16,Mads Hermansen,Sub,187,81,24,,False,home,{},,,,,,,425
22,424806,6,Morten Frendrup,Sub,178,63,23,,False,home,{},,,,,,,425
0,276366,1,David Raya,GK,183,80,29,True,False,away,"{'totalSaves': {'96': 1.0}, 'collected': {'96': 1.0}, 'claimsHigh': {'23': 1.0, '66': 1.0}, 'possession': {'2': 1.0, '3': 2.0, '4': 1.0, '5': 1.0, '8': 1.0, '9': 1.0, '11': 2.0, '13': 1.0, '17': 2.0, '18': 2.0, '20': 2.0, '24': 1.0, '27': 1.0, '28': 2.0, '29': 1.0, '30': 2.0, '33': 2.0, '37': 1.0, '40': 1.0, '41': 1.0, '43': 1.0, '45': 1.0, '47': 1.0, '48': 1.0, '50': 1.0, '52': 1.0, '54': 1.0, '57': 1.0, '58': 1.0, '60': 2.0, '63': 1.0, '65': 2.0, '66': 1.0, '68': 1.0, '74': 1.0, '77': 1.0, '82': 1.0, '83': 1.0, '84': 1.0, '89': 1.0, '96': 1.0}, 'ratings': {'0': 6.0, '1': 6.05, '2': 6.06, '3': 6.07, '4': 6.05, '5': 6.05, '8': 6.06, '9': 6.04, '11': 6.05, '13': 6.05, '14': 6.1, '17': 6.11, '18': 6.11, '19': 6.12, '20': 6.12, '23': 6.31, '27': 6.31, '28': 6.3, '29': 6.3, '30': 6.31, '33': 6.3, '37': 6.29, '40': 6.28, '41': 6.28, '43': 6.29, '45': 6.29, '47': 6.29, '48': 6.3, '50': 6.3, '52': 6.31, '54': 6.29, '57': 6.3, '58': 6.3, '59': 6.35, '60': 6.37, '63': 6.37, '64': 6.37, '65': 6.38, '66': 6.49, '68': 6.49, '74': 6.48, '77': 6.48, '82': 6.47, '83': 6.47, '84': 6.47, '85': 5.34, '89': 5.35, '96': 5.54}, 'clearances': {'1': 1.0}, 'touches': {'1': 1.0, '2': 1.0, '3': 2.0, '4': 1.0, '5': 1.0, '8': 1.0, '9': 1.0, '11': 2.0, '13': 1.0, '17': 2.0, '18': 2.0, '20': 2.0, '23': 1.0, '24': 1.0, '27': 1.0, '28': 2.0, '29': 1.0, '30': 2.0, '33': 2.0, '37': 1.0, '40': 1.0, '41': 1.0, '43': 1.0, '45': 1.0, '47': 1.0, '48': 1.0, '50': 1.0, '52': 1.0, '54': 1.0, '57': 1.0, '58': 1.0, '60': 2.0, '63': 1.0, '65': 2.0, '66': 2.0, '68': 1.0, '74': 1.0, '77': 1.0, '82': 1.0, '83': 1.0, '84': 1.0, '85': 1.0, '89': 1.0, '96': 2.0}, 'passesTotal': {'3': 2.0, '5': 1.0, '8': 1.0, '11': 2.0, '13': 1.0, '17': 2.0, '20': 1.0, '27': 1.0, '28': 2.0, '29': 1.0, '30': 2.0, '33': 2.0, '41': 1.0, '45': 1.0, '47': 1.0, '48': 1.0, '50': 1.0, '57': 1.0, '58': 1.0, '60': 2.0, '63': 1.0, '65': 1.0, '68': 1.0, '77': 1.0, '83': 1.0, '84': 1.0, '89': 1.0, '4': 1.0, '9': 1.0, '18': 1.0, '37': 1.0, '40': 1.0, '54': 1.0, '74': 1.0, '82': 1.0, '96': 1.0}, 'passesAccurate': {'3': 2.0, '5': 1.0, '8': 1.0, '11': 2.0, '13': 1.0, '17': 2.0, '20': 1.0, '27': 1.0, '28': 1.0, '29': 1.0, '30': 2.0, '33': 1.0, '41': 1.0, '45': 1.0, '47': 1.0, '48': 1.0, '50': 1.0, '57': 1.0, '58': 1.0, '60': 2.0, '63': 1.0, '65': 1.0, '68': 1.0, '77': 1.0, '83': 1.0, '84': 1.0, '89': 1.0}, 'passSuccess': {'3': 100.0, '5': 100.0, '8': 100.0, '11': 100.0, '13': 100.0, '17': 100.0, '20': 100.0, '27': 100.0, '28': 50.0, '29': 100.0, '30': 100.0, '33': 50.0, '41': 100.0, '45': 100.0, '47': 100.0, '48': 100.0, '50': 100.0, '57': 100.0, '58': 100.0, '60': 100.0, '63': 100.0, '65': 100.0, '68': 100.0, '77': 100.0, '83': 100.0, '84': 100.0, '89': 100.0, '4': 0.0, '9': 0.0, '18': 0.0, '37': 0.0, '40': 0.0, '54': 0.0, '74': 0.0, '82': 0.0, '96': 0.0}, 'aerialsTotal': {'23': 1.0}, 'aerialsWon': {'23': 1.0}, 'defensiveAerials': {'23': 1.0}, 'dispossessed': {'85': 1.0}, 'errors': {'85': 1.0}}",,,,,,,338
1,362352,2,Pedro Porro,DR,173,69,25,True,False,away,"{'possession': {'1': 1.0, '2': 1.0, '3': 1.0, '4': 1.0, '8': 1.0, '10': 1.0, '11': 2.0, '13': 1.0, '16': 1.0, '17': 2.0, '18': 1.0, '20': 2.0, '24': 1.0, '26': 1.0, '27': 3.0, '29': 1.0, '30': 1.0, '31': 1.0, '33': 1.0, '37': 1.0, '40': 3.0, '41': 1.0, '43': 1.0, '44': 1.0, '45': 3.0, '47': 1.0, '48': 2.0, '50': 1.0, '52': 1.0, '54': 1.0, '57': 2.0, '58': 2.0, '63': 1.0, '65': 1.0, '66': 1.0, '67': 1.0, '68': 1.0, '69': 2.0, '73': 1.0, '79': 1.0, '82': 1.0, '83': 1.0, '86': 1.0, '90': 1.0}, 'ratings': {'0': 6.08, '1': 6.09, '2': 6.09, '3': 6.1, '4': 6.22, '6': 6.27, '8': 6.38, '10': 6.39, '11': 6.59, '13': 6.59, '14': 6.67, '16': 6.68, '17': 6.67, '18': 6.68, '20': 6.67, '24': 6.67, '25': 6.72, '26': 6.7, '27': 6.71, '29': 6.71, '30': 6.72, '31': 6.72, '33': 6.72, '37': 6.83, '40': 6.84, '41': 6.84, '43': 6.84, '44': 6.85, '45': 6.85, '47': 6.85, '48': 6.85, '50': 6.86, '52': 6.86, '54': 7.0, '57': 7.02, '58': 7.03, '59': 7.11, '63': 7.12, '65': 7.11, '66': 7.28, '67': 7.38, '68': 7.38, '69': 7.38, '73': 7.39, '78': 7.38, '79': 7.39, '81': 7.47, '82': 7.47, '83': 7.6, '85': 7.43, '86': 7.42, '90': 7.43, '94': 7.48, '95': 7.53}, 'clearances': {'6': 1.0, '25': 1.0, '94': 1.0, '95': 1.0}, 'interceptions': {'37': 1.0, '67': 1.0}, 'touches': {'0': 2.0, '1': 1.0, '2': 1.0, '3': 2.0, '4': 3.0, '6': 1.0, '8': 1.0, '10': 1.0, '11': 2.0, '13': 1.0, '15': 1.0, '16': 1.0, '17': 2.0, '18': 1.0, '20': 2.0, '24': 1.0, '25': 1.0, '26': 2.0, '27': 3.0, '29': 1.0, '30': 1.0, '31': 1.0, '33': 2.0, '36': 1.0, '37': 2.0, '40': 3.0, '41': 1.0, '43': 1.0, '44': 1.0, '45': 3.0, '47': 1.0, '48': 2.0, '50': 1.0, '52': 1.0, '54': 2.0, '57': 2.0, '58': 2.0, '63': 1.0, '65': 1.0, '66': 1.0, '67': 2.0, '68': 1.0, '69': 2.0, '73': 2.0, '79': 1.0, '81': 1.0, '82': 2.0, '83': 2.0, '86': 2.0, '87': 1.0, '90': 1.0, '94': 1.0, '95': 1.0}, 'passesTotal': {'1': 1.0, '2': 1.0, '3': 1.0, '8': 1.0, '10': 1.0, '11': 2.0, '13': 1.0, '16': 1.0, '17': 2.0, '18': 1.0, '20': 2.0, '24': 1.0, '26': 1.0, '27': 3.0, '29': 1.0, '30': 1.0, '31': 1.0, '33': 1.0, '37': 1.0, '40': 3.0, '41': 1.0, '44': 1.0, '45': 3.0, '47': 1.0, '48': 2.0, '50': 1.0, '52': 1.0, '54': 1.0, '57': 2.0, '58': 2.0, '63': 1.0, '66': 1.0, '67': 1.0, '68': 1.0, '69': 2.0, '73': 1.0, '79': 1.0, '82': 1.0, '86': 1.0, '90': 1.0, '4': 1.0, '43': 1.0, '65': 1.0, '83': 1.0}, 'passesAccurate': {'1': 1.0, '2': 1.0, '3': 1.0, '8': 1.0, '10': 1.0, '11': 2.0, '13': 1.0, '16': 1.0, '17': 1.0, '18': 1.0, '20': 1.0, '24': 1.0, '26': 1.0, '27': 3.0, '29': 1.0, '30': 1.0, '31': 1.0, '33': 1.0, '37': 1.0, '40': 3.0, '41': 1.0, '44': 1.0, '45': 3.0, '47': 1.0, '48': 2.0, '50': 1.0, '52': 1.0, '54': 1.0, '57': 2.0, '58': 2.0, '63': 1.0, '66': 1.0, '67': 1.0, '68': 1.0, '69': 2.0, '73': 1.0, '79': 1.0, '82': 1.0, '86': 1.0, '90': 1.0}, 'passesKey': {'11': 1.0, '66': 1.0}, 'passSuccess': {'1': 100.0, '2': 100.0, '3': 100.0, '8': 100.0, '10': 100.0, '11': 100.0, '13': 100.0, '16': 100.0, '17': 50.0, '18': 100.0, '20': 50.0, '24': 100.0, '26': 100.0, '27': 100.0, '29': 100.0, '30': 100.0, '31': 100.0, '33': 100.0, '37': 100.0, '40': 100.0, '41': 100.0, '44': 100.0, '45': 100.0, '47': 100.0, '48': 100.0, '50': 100.0, '52': 100.0, '54': 100.0, '57': 100.0, '58': 100.0, '63': 100.0, '66': 100.0, '67': 100.0, '68': 100.0, '69': 100.0, '73': 100.0, '79': 100.0, '82': 100.0, '86': 100.0, '90': 100.0, '4': 0.0, '43': 0.0, '65': 0.0, '83': 0.0}, 'aerialsTotal': {'26': 1.0}, 'defensiveAerials': {'26': 1.0}, 'throwInsTotal': {'3': 1.0, '4': 1.0, '15': 1.0, '26': 1.0, '33': 1.0, '73': 1.0, '82': 1.0, '86': 1.0, '87': 1.0}, 'throwInsAccurate': {'3': 1.0, '4': 1.0, '15': 1.0, '26': 1.0, '33': 1.0, '73': 1.0, '82': 1.0, '86': 1.0, '87': 1.0}, 'foulsCommited': {'45': 1.0, '78': 1.0, '86': 1.0}, 'tacklesTotal': {'4': 1.0, '54': 1.0, '83': 1.0, '0': 1.0, '81': 1.0, '66': 1.0}, 'tackleSuccessful': {'4': 1.0, '54': 1.0, '83': 1.0, '0': 1.0, '81': 1.0}, 'tackleUnsuccesful': {'66': 1.0}, 'tackleSuccess': {'4': 100.0, '54': 100.0, '83': 100.0, '0': 100.0, '81': 100.0, '66': 0.0}, 'dribbledPast': {'66': 1.0}}",,,,,,,338
2,122117,14,Aymeric Laporte,DC,189,86,30,True,False,away,"{'possession': {'3': 1.0, '5': 1.0, '6': 2.0, '8': 1.0, '11': 1.0, '13': 1.0, '17': 1.0, '20': 1.0, '21': 1.0, '24': 1.0, '27': 1.0, '28': 1.0, '30': 3.0, '32': 1.0, '33': 2.0, '34': 1.0, '35': 1.0, '37': 1.0, '40': 2.0, '41': 4.0, '43': 1.0, '45': 2.0, '47': 3.0, '48': 1.0, '50': 2.0, '53': 1.0, '56': 2.0, '57': 1.0, '58': 2.0, '59': 1.0, '60': 1.0, '63': 2.0, '64': 2.0, '65': 1.0, '67': 1.0, '68': 2.0, '69': 2.0, '71': 1.0, '74': 1.0, '76': 1.0, '77': 1.0, '80': 1.0, '82': 2.0, '83': 3.0, '84': 2.0, '85': 1.0}, 'ratings': {'0': 6.0, '3': 6.04, '5': 6.04, '6': 6.03, '8': 6.03, '11': 6.03, '13': 6.03, '14': 6.1, '16': 6.13, '17': 6.13, '20': 6.14, '21': 6.14, '22': 6.19, '24': 6.19, '25': 6.34, '27': 6.34, '28': 6.34, '30': 6.35, '32': 6.35, '33': 6.35, '34': 6.41, '35': 6.4, '37': 6.4, '38': 6.45, '40': 6.47, '41': 6.47, '43': 6.48, '45': 6.48, '47': 6.49, '48': 6.49, '50': 6.5, '52': 6.63, '53': 6.63, '55': 6.68, '56': 6.69, '57': 6.68, '58': 6.68, '59': 6.75, '60': 6.75, '63': 6.76, '64': 6.75, '65': 6.75, '67': 6.75, '68': 6.76, '69': 6.77, '71': 6.77, '72': 6.82, '74': 6.82, '76': 6.82, '77': 6.83, '80': 6.81, '82': 6.82, '83': 6.82, '84': 6.83, '85': 6.63, '87': 6.68, '94': 6.73, '96': 6.78, '97': 6.76}, 'clearances': {'25': 1.0, '34': 1.0, '38': 1.0, '52': 1.0, '55': 1.0, '72': 1.0, '87': 1.0, '94': 1.0, '96': 1.0}, 'interceptions': {'25': 1.0}, 'touches': {'3': 2.0, '5': 1.0, '6': 2.0, '7': 1.0, '8': 1.0, '11': 1.0, '13': 1.0, '16': 1.0, '17': 1.0, '20': 1.0, '21': 1.0, '22': 1.0, '24': 1.0, '25': 2.0, '27': 1.0, '28': 1.0, '30': 3.0, '32': 1.0, '33': 2.0, '34': 2.0, '35': 1.0, '37': 1.0, '38': 1.0, '40': 2.0, '41': 4.0, '43': 1.0, '45': 2.0, '47': 3.0, '48': 1.0, '50': 2.0, '52': 2.0, '53': 1.0, '55': 1.0, '56': 2.0, '57': 1.0, '58': 2.0, '59': 1.0, '60': 1.0, '63': 2.0, '64': 2.0, '65': 1.0, '67': 1.0, '68': 2.0, '69': 2.0, '71': 1.0, '72': 1.0, '74': 1.0, '76': 1.0, '77': 1.0, '80': 1.0, '82': 2.0, '83': 3.0, '84': 2.0, '85': 1.0, '87': 1.0, '94': 1.0, '96': 1.0}, 'passesTotal': {'3': 1.0, '5': 1.0, '6': 2.0, '8': 1.0, '11': 1.0, '13': 1.0, '17': 1.0, '20': 1.0, '21': 1.0, '24': 1.0, '27': 1.0, '28': 1.0, '30': 3.0, '32': 1.0, '33': 2.0, '34': 1.0, '37': 1.0, '40': 2.0, '41': 4.0, '43': 1.0, '45': 2.0, '47': 3.0, '48': 1.0, '50': 2.0, '53': 1.0, '56': 2.0, '58': 2.0, '59': 1.0, '60': 1.0, '63': 2.0, '64': 2.0, '65': 1.0, '67': 1.0, '68': 2.0, '69': 2.0, '71': 1.0, '74': 1.0, '76': 1.0, '77': 1.0, '82': 2.0, '83': 3.0, '84': 2.0, '85': 1.0, '35': 1.0, '57': 1.0, '80': 1.0}, 'passesAccurate': {'3': 1.0, '5': 1.0, '6': 1.0, '8': 1.0, '11': 1.0, '13': 1.0, '17': 1.0, '20': 1.0, '21': 1.0, '24': 1.0, '27': 1.0, '28': 1.0, '30': 3.0, '32': 1.0, '33': 2.0, '34': 1.0, '37': 1.0, '40': 2.0, '41': 4.0, '43': 1.0, '45': 2.0, '47': 3.0, '48': 1.0, '50': 2.0, '53': 1.0, '56': 2.0, '58': 2.0, '59': 1.0, '60': 1.0, '63': 2.0, '64': 1.0, '65': 1.0, '67': 1.0, '68': 2.0, '69': 2.0, '71': 1.0, '74': 1.0, '76': 1.0, '77': 1.0, '82': 2.0, '83': 3.0, '84': 2.0, '85': 1.0}, 'passSuccess': {'3': 100.0, '5': 100.0, '6': 50.0, '8': 100.0, '11': 100.0, '13': 100.0, '17': 100.0, '20': 100.0, '21': 100.0, '24': 100.0, '27': 100.0, '28': 100.0, '30': 100.0, '32': 100.0, '33': 100.0, '34': 100.0, '37': 100.0, '40': 100.0, '41': 100.0, '43': 100.0, '45': 100.0, '47': 100.0, '48': 100.0, '50': 100.0, '53': 100.0, '56': 100.0, '58': 100.0, '59': 100.0, '60': 100.0, '63': 100.0, '64': 50.0, '65': 100.0, '67': 100.0, '68': 100.0, '69': 100.0, '71': 100.0, '74': 100.0, '76': 100.0, '77': 100.0, '82': 100.0, '83': 100.0, '84': 100.0, '85': 100.0, '35': 0.0, '57': 0.0, '80': 0.0}, 'aerialsTotal': {'97': 1.0}, 'defensiveAerials': {'97': 1.0}, 'throwInsTotal': {'7': 1.0}, 'throwInsAccurate': {'7': 1.0}, 'tacklesTotal': {'52': 1.0}, 'tackleSuccessful': {'52': 1.0}, 'tackleSuccess': {'52': 100.0}}",,,,,,,338
3,357839,5,Dani Vivian,DC,183,78,25,True,False,away,"{'possession': {'3': 1.0, '8': 2.0, '9': 1.0, '11': 2.0, '13': 1.0, '17': 1.0, '20': 2.0, '24': 1.0, '26': 1.0, '27': 2.0, '29': 3.0, '30': 3.0, '31': 1.0, '33': 1.0, '34': 1.0, '41': 1.0, '44': 1.0, '47': 1.0, '48': 2.0, '49': 1.0, '57': 2.0, '58': 1.0, '67': 1.0, '68': 5.0, '71': 1.0, '73': 1.0, '74': 1.0, '79': 1.0, '80': 1.0, '82': 1.0, '91': 1.0, '92': 1.0}, 'ratings': {'0': 6.0, '1': 6.13, '3': 6.12, '4': 6.17, '8': 6.17, '9': 6.17, '10': 6.15, '11': 6.15, '12': 6.14, '13': 6.15, '14': 6.21, '17': 6.2, '20': 6.2, '24': 6.2, '26': 6.2, '27': 6.21, '29': 6.21, '30': 6.22, '31': 6.2, '33': 6.2, '34': 6.2, '36': 6.25, '41': 6.25, '44': 6.25, '47': 6.26, '48': 6.27, '49': 6.27, '57': 6.27, '58': 6.27, '59': 6.34, '63': 6.32, '67': 6.33, '68': 6.34, '69': 6.38, '71': 6.39, '72': 6.37, '73': 6.36, '74': 6.37, '78': 6.42, '79': 6.42, '80': 6.43, '82': 6.43, '85': 6.23, '87': 6.28, '91': 6.42, '92': 6.43, '93': 6.48, '94': 6.45}, 'clearances': {'1': 1.0, '4': 1.0, '36': 1.0, '69': 1.0, '78': 1.0, '87': 1.0, '93': 1.0}, 'touches': {'1': 1.0, '3': 1.0, '4': 1.0, '8': 2.0, '9': 1.0, '11': 2.0, '13': 1.0, '17': 1.0, '20': 2.0, '24': 1.0, '26': 1.0, '27': 2.0, '29': 3.0, '30': 3.0, '31': 2.0, '33': 1.0, '34': 1.0, '36': 1.0, '41': 1.0, '44': 1.0, '47': 1.0, '48': 2.0, '49': 1.0, '57': 2.0, '58': 1.0, '67': 1.0, '68': 5.0, '69': 1.0, '71': 1.0, '73': 1.0, '74': 1.0, '78': 1.0, '79': 1.0, '80': 1.0, '82': 1.0, '85': 1.0, '87': 1.0, '91': 2.0, '92': 1.0, '93': 1.0, '94': 1.0}, 'passesTotal': {'8': 2.0, '11': 2.0, '13': 1.0, '20': 2.0, '24': 1.0, '26': 1.0, '27': 2.0, '29': 3.0, '30': 3.0, '31': 1.0, '33': 1.0, '34': 1.0, '41': 1.0, '44': 1.0, '47': 1.0, '48': 2.0, '57': 2.0, '58': 1.0, '67': 1.0, '68': 5.0, '71': 1.0, '74': 1.0, '79': 1.0, '80': 1.0, '82': 1.0, '91': 1.0, '92': 1.0, '3': 1.0, '9': 1.0, '17': 1.0, '49': 1.0, '73': 1.0}, 'passesAccurate': {'8': 2.0, '11': 2.0, '13': 1.0, '20': 2.0, '24': 1.0, '26': 1.0, '27': 2.0, '29': 3.0, '30': 3.0, '31': 1.0, '33': 1.0, '34': 1.0, '41': 1.0, '44': 1.0, '47': 1.0, '48': 2.0, '57': 2.0, '58': 1.0, '67': 1.0, '68': 5.0, '71': 1.0, '74': 1.0, '79': 1.0, '80': 1.0, '82': 1.0, '91': 1.0, '92': 1.0}, 'passSuccess': {'8': 100.0, '11': 100.0, '13': 100.0, '20': 100.0, '24': 100.0, '26': 100.0, '27': 100.0, '29': 100.0, '30': 100.0, '31': 100.0, '33': 100.0, '34': 100.0, '41': 100.0, '44': 100.0, '47': 100.0, '48': 100.0, '57': 100.0, '58': 100.0, '67': 100.0, '68': 100.0, '71': 100.0, '74': 100.0, '79': 100.0, '80': 100.0, '82': 100.0, '91': 100.0, '92': 100.0, '3': 0.0, '9': 0.0, '17': 0.0, '49': 0.0, '73': 0.0}, 'aerialsTotal': {'1': 1.0, '10': 1.0, '63': 1.0}, 'aerialsWon': {'1': 1.0}, 'aerialSuccess': {'10': 0.0, '63': 0.0}, 'offensiveAerials': {'10': 1.0}, 'defensiveAerials': {'1': 1.0, '63': 1.0}, 'foulsCommited': {'12': 1.0, '72': 1.0}, 'tacklesTotal': {'91': 1.0}, 'tackleSuccessful': {'91': 1.0}, 'tackleSuccess': {'91': 100.0}}",,,,,,,338
4,363496,17,Marc Cucurella,DL,172,66,26,True,False,away,"{'possession': {'3': 1.0, '4': 1.0, '6': 2.0, '7': 1.0, '10': 2.0, '11': 2.0, '12': 1.0, '13': 1.0, '16': 2.0, '18': 2.0, '20': 1.0, '24': 1.0, '31': 2.0, '40': 1.0, '41': 2.0, '43': 1.0, '44': 3.0, '45': 1.0, '47': 1.0, '48': 2.0, '50': 1.0, '51': 1.0, '54': 1.0, '56': 1.0, '57': 1.0, '58': 3.0, '59': 1.0, '64': 1.0, '67': 1.0, '71': 1.0, '73': 2.0, '74': 3.0, '77': 1.0, '78': 2.0, '82': 1.0, '83': 1.0, '84': 2.0}, 'ratings': {'0': 6.0, '3': 6.0, '4': 6.01, '5': 6.06, '6': 6.05, '7': 6.04, '10': 6.04, '11': 6.05, '12': 6.04, '13': 6.04, '14': 6.13, '16': 6.11, '18': 6.12, '20': 6.12, '21': 6.47, '24': 6.47, '28': 6.45, '31': 6.46, '40': 6.47, '41': 6.47, '43': 6.48, '44': 6.47, '45': 6.48, '47': 6.48, '48': 6.48, '49': 6.47, '50': 6.46, '51': 6.45, '54': 6.46, '56': 6.46, '57': 6.46, '58': 6.46, '59': 6.55, '64': 6.53, '67': 6.54, '69': 6.49, '71': 6.49, '73': 6.49, '74': 6.63, '77': 6.64, '78': 6.64, '82': 6.65, '83': 6.65, '84': 6.65, '85': 6.49, '87': 6.46, '95': 6.51, '97': 6.56}, 'clearances': {'21': 1.0, '95': 1.0, '97': 1.0}, 'touches': {'2': 1.0, '3': 1.0, '4': 1.0, '5': 1.0, '6': 2.0, '7': 2.0, '9': 1.0, '10': 2.0, '11': 2.0, '12': 1.0, '13': 1.0, '16': 2.0, '18': 2.0, '20': 1.0, '21': 3.0, '24': 1.0, '28': 1.0, '31': 2.0, '34': 1.0, '35': 1.0, '40': 1.0, '41': 2.0, '43': 1.0, '44': 4.0, '45': 1.0, '47': 2.0, '48': 3.0, '50': 1.0, '51': 1.0, '54': 1.0, '55': 1.0, '56': 1.0, '57': 1.0, '58': 3.0, '59': 1.0, '64': 3.0, '67': 1.0, '69': 1.0, '71': 1.0, '73': 2.0, '74': 5.0, '77': 2.0, '78': 3.0, '82': 1.0, '83': 2.0, '84': 2.0, '87': 1.0, '95': 1.0, '97': 1.0}, 'passesTotal': {'3': 1.0, '4': 1.0, '6': 2.0, '10': 2.0, '11': 2.0, '13': 1.0, '16': 2.0, '18': 2.0, '20': 1.0, '24': 1.0, '31': 2.0, '40': 1.0, '41': 2.0, '43': 1.0, '44': 2.0, '45': 1.0, '47': 1.0, '48': 2.0, '54': 1.0, '56': 1.0, '57': 1.0, '58': 2.0, '59': 1.0, '64': 1.0, '67': 1.0, '71': 1.0, '73': 2.0, '74': 3.0, '77': 1.0, '78': 2.0, '82': 1.0, '83': 1.0, '84': 2.0, '7': 1.0, '12': 1.0, '50': 1.0, '51': 1.0}, 'passesAccurate': {'3': 1.0, '4': 1.0, '6': 1.0, '10': 2.0, '11': 2.0, '13': 1.0, '16': 1.0, '18': 2.0, '20': 1.0, '24': 1.0, '31': 2.0, '40': 1.0, '41': 2.0, '43': 1.0, '44': 2.0, '45': 1.0, '47': 1.0, '48': 2.0, '54': 1.0, '56': 1.0, '57': 1.0, '58': 2.0, '59': 1.0, '64': 1.0, '67': 1.0, '71': 1.0, '73': 2.0, '74': 3.0, '77': 1.0, '78': 2.0, '82': 1.0, '83': 1.0, '84': 2.0}, 'passSuccess': {'3': 100.0, '4': 100.0, '6': 50.0, '10': 100.0, '11': 100.0, '13': 100.0, '16': 50.0, '18': 100.0, '20': 100.0, '24': 100.0, '31': 100.0, '40': 100.0, '41': 100.0, '43': 100.0, '44': 100.0, '45': 100.0, '47': 100.0, '48': 100.0, '54': 100.0, '56': 100.0, '57': 100.0, '58': 100.0, '59': 100.0, '64': 100.0, '67': 100.0, '71': 100.0, '73': 100.0, '74': 100.0, '77': 100.0, '78': 100.0, '82': 100.0, '83': 100.0, '84': 100.0, '7': 0.0, '12': 0.0, '50': 0.0, '51': 0.0}, 'aerialsTotal': {'21': 1.0, '28': 1.0}, 'aerialsWon': {'21': 1.0}, 'aerialSuccess': {'28': 0.0}, 'offensiveAerials': {'28': 1.0}, 'defensiveAerials': {'21': 1.0}, 'cornersTotal': {'12': 1.0}, 'throwInsTotal': {'2': 1.0, '7': 1.0, '28': 1.0, '47': 1.0, '48': 1.0, '55': 1.0, '64': 1.0, '74': 1.0, '78': 1.0}, 'throwInsAccurate': {'2': 1.0, '7': 1.0, '28': 1.0, '47': 1.0, '48': 1.0, '55': 1.0, '64': 1.0, '74': 1.0, '78': 1.0}, 'foulsCommited': {'49': 1.0}, 'tacklesTotal': {'21': 2.0, '74': 1.0, '69': 1.0}, 'tackleSuccessful': {'21': 2.0, '74': 1.0}, 'tackleUnsuccesful': {'69': 1.0}, 'tackleSuccess': {'21': 100.0, '74': 100.0, '69': 0.0}, 'dribbledPast': {'69': 1.0}, 'dribblesAttempted': {'64': 1.0, '69': 1.0}, 'dribblesLost': {'64': 1.0, '69': 1.0}}",,,,,,,338
5,238916,6,Mikel Merino,DMC,189,83,28,True,False,away,"{'possession': {'1': 1.0, '6': 3.0, '7': 1.0, '9': 2.0, '10': 1.0, '11': 1.0, '13': 2.0, '14': 1.0, '17': 1.0, '18': 1.0, '20': 1.0, '21': 1.0, '24': 1.0, '26': 1.0, '27': 3.0, '28': 1.0, '30': 1.0, '40': 2.0, '44': 4.0, '45': 1.0, '48': 2.0, '56': 1.0, '58': 3.0, '60': 1.0, '67': 1.0, '68': 3.0, '69': 1.0, '79': 2.0}, 'ratings': {'0': 6.0, '1': 5.99, '6': 6.0, '7': 5.99, '9': 6.07, '10': 6.07, '11': 6.08, '13': 6.06, '14': 6.17, '17': 6.18, '18': 6.16, '20': 6.16, '21': 6.17, '24': 6.17, '26': 6.16, '27': 6.16, '28': 6.16, '30': 6.16, '31': 6.13, '35': 6.14, '40': 6.13, '44': 6.13, '45': 6.46, '47': 6.43, '48': 6.42, '52': 6.49, '55': 6.52, '56': 6.57, '57': 6.54, '58': 6.55, '59': 6.64, '60': 6.65, '67': 6.63, '68': 6.64, '69': 6.72, '75': 6.71, '79': 7.03, '81': 7.23}, 'shotsTotal': {'57': 1.0}, 'shotsOffTarget': {'57': 1.0}, 'touches': {'1': 1.0, '6': 3.0, '7': 1.0, '9': 3.0, '10': 1.0, '11': 1.0, '13': 3.0, '14': 1.0, '17': 1.0, '18': 1.0, '20': 1.0, '21': 1.0, '24': 1.0, '26': 1.0, '27': 3.0, '28': 1.0, '30': 1.0, '31': 1.0, '40': 2.0, '44': 4.0, '45': 3.0, '47': 1.0, '48': 2.0, '52': 3.0, '55': 1.0, '56': 2.0, '57': 1.0, '58': 3.0, '60': 1.0, '66': 1.0, '67': 1.0, '68': 3.0, '69': 2.0, '79': 4.0}, 'passesTotal': {'6': 3.0, '9': 2.0, '10': 1.0, '11': 1.0, '13': 2.0, '14': 1.0, '17': 1.0, '18': 1.0, '20': 1.0, '21': 1.0, '24': 1.0, '27': 3.0, '28': 1.0, '30': 1.0, '40': 2.0, '44': 4.0, '45': 1.0, '48': 2.0, '56': 1.0, '58': 3.0, '60': 1.0, '68': 3.0, '69': 1.0, '79': 2.0, '1': 1.0, '7': 1.0, '26': 1.0, '67': 1.0}, 'passesAccurate': {'6': 3.0, '9': 2.0, '10': 1.0, '11': 1.0, '13': 2.0, '14': 1.0, '17': 1.0, '18': 1.0, '20': 1.0, '21': 1.0, '24': 1.0, '27': 2.0, '28': 1.0, '30': 1.0, '40': 2.0, '44': 3.0, '45': 1.0, '48': 1.0, '56': 1.0, '58': 2.0, '60': 1.0, '68': 3.0, '69': 1.0, '79': 1.0}, 'passSuccess': {'6': 100.0, '9': 100.0, '10': 100.0, '11': 100.0, '13': 100.0, '14': 100.0, '17': 100.0, '18': 100.0, '20': 100.0, '21': 100.0, '24': 100.0, '27': 66.67, '28': 100.0, '30': 100.0, '40': 100.0, '44': 75.0, '45': 100.0, '48': 50.0, '56': 100.0, '58': 66.67, '60': 100.0, '68': 100.0, '69': 100.0, '79': 50.0, '1': 0.0, '7': 0.0, '26': 0.0, '67': 0.0}, 'aerialsTotal': {'9': 1.0, '18': 1.0, '40': 1.0}, 'offensiveAerials': {'9': 1.0, '40': 1.0}, 'defensiveAerials': {'18': 1.0}, 'foulsCommited': {'75': 1.0}, 'tacklesTotal': {'9': 1.0, '52': 1.0, '69': 1.0}, 'tackleSuccessful': {'9': 1.0, '52': 1.0, '69': 1.0}, 'tackleSuccess': {'9': 100.0, '52': 100.0, '69': 100.0}, 'dribblesWon': {'45': 2.0, '79': 2.0}, 'dribblesAttempted': {'45': 2.0, '79': 2.0, '52': 1.0}, 'dribblesLost': {'52': 1.0}, 'dribbleSuccess': {'45': 100.0, '79': 100.0, '52': 0.0}, 'dispossessed': {'13': 1.0, '31': 1.0}}",402197.0,"{'value': 2, 'displayName': 'SecondHalf'}",81.0,,,,338
6,372424,18,Martín Zubimendi,DMC,181,74,25,True,False,away,"{'possession': {'3': 2.0, '6': 1.0, '7': 1.0, '11': 4.0, '14': 1.0, '18': 1.0, '20': 1.0, '21': 1.0, '26': 1.0, '27': 2.0, '29': 1.0, '30': 4.0, '31': 5.0, '32': 1.0, '33': 2.0, '34': 1.0, '40': 1.0, '41': 1.0, '44': 1.0, '45': 1.0, '47': 3.0, '54': 2.0, '57': 1.0, '58': 1.0, '59': 1.0, '63': 2.0, '64': 1.0, '68': 3.0, '69': 2.0}, 'ratings': {'0': 6.0, '3': 5.99, '6': 5.99, '7': 5.99, '9': 6.04, '11': 6.06, '14': 6.17, '18': 6.17, '20': 6.18, '21': 6.18, '23': 6.27, '24': 6.25, '26': 6.26, '27': 6.26, '29': 6.27, '30': 6.27, '31': 6.28, '32': 6.28, '33': 6.28, '34': 6.29, '38': 6.34, '40': 6.34, '41': 6.35, '44': 6.34, '45': 6.34, '47': 6.34, '50': 6.32, '54': 6.32, '57': 6.32, '58': 6.32, '59': 6.42, '63': 6.43, '64': 6.41, '68': 6.42, '69': 6.42, '71': 6.62}, 'shotsTotal': {'9': 1.0}, 'shotsOffTarget': {'9': 1.0}, 'touches': {'3': 2.0, '6': 1.0, '7': 1.0, '9': 1.0, '11': 4.0, '14': 1.0, '18': 1.0, '20': 1.0, '21': 1.0, '23': 1.0, '24': 1.0, '26': 1.0, '27': 2.0, '29': 1.0, '30': 5.0, '31': 5.0, '32': 1.0, '33': 2.0, '34': 1.0, '36': 1.0, '38': 1.0, '40': 1.0, '41': 1.0, '44': 1.0, '45': 1.0, '47': 3.0, '54': 2.0, '57': 1.0, '58': 1.0, '59': 1.0, '63': 2.0, '64': 1.0, '68': 3.0, '69': 2.0}, 'passesTotal': {'3': 2.0, '6': 1.0, '7': 1.0, '11': 4.0, '14': 1.0, '18': 1.0, '20': 1.0, '21': 1.0, '26': 1.0, '27': 2.0, '29': 1.0, '30': 4.0, '31': 5.0, '32': 1.0, '33': 2.0, '34': 1.0, '40': 1.0, '41': 1.0, '45': 1.0, '47': 3.0, '54': 2.0, '57': 1.0, '58': 1.0, '59': 1.0, '63': 2.0, '68': 3.0, '69': 2.0, '64': 1.0}, 'passesAccurate': {'3': 1.0, '6': 1.0, '7': 1.0, '11': 4.0, '14': 1.0, '18': 1.0, '20': 1.0, '21': 1.0, '26': 1.0, '27': 2.0, '29': 1.0, '30': 4.0, '31': 4.0, '32': 1.0, '33': 2.0, '34': 1.0, '40': 1.0, '41': 1.0, '45': 1.0, '47': 2.0, '54': 1.0, '57': 1.0, '58': 1.0, '59': 1.0, '63': 2.0, '68': 3.0, '69': 2.0}, 'passSuccess': {'3': 50.0, '6': 100.0, '7': 100.0, '11': 100.0, '14': 100.0, '18': 100.0, '20': 100.0, '21': 100.0, '26': 100.0, '27': 100.0, '29': 100.0, '30': 100.0, '31': 80.0, '32': 100.0, '33': 100.0, '34': 100.0, '40': 100.0, '41': 100.0, '45': 100.0, '47': 66.67, '54': 50.0, '57': 100.0, '58': 100.0, '59': 100.0, '63': 100.0, '68': 100.0, '69': 100.0, '64': 0.0}, 'aerialsTotal': {'9': 1.0, '50': 1.0}, 'aerialsWon': {'9': 1.0}, 'aerialSuccess': {'50': 0.0}, 'offensiveAerials': {'9': 1.0, '50': 1.0}, 'tacklesTotal': {'38': 1.0}, 'tackleUnsuccesful': {'38': 1.0}, 'dribbledPast': {'38': 1.0}, 'dribblesAttempted': {'24': 1.0}, 'dribblesLost': {'24': 1.0}}",454343.0,"{'value': 2, 'displayName': 'SecondHalf'}",71.0,,,,338
7,298839,21,Mikel Oyarzabal,AMR,181,79,27,True,False,away,"{'possession': {'3': 1.0, '4': 1.0, '6': 1.0, '9': 2.0, '10': 1.0, '11': 3.0, '13': 1.0, '17': 1.0, '20': 1.0, '21': 1.0, '24': 1.0, '25': 1.0, '27': 2.0, '31': 1.0, '33': 1.0, '40': 3.0, '41': 3.0, '42': 1.0, '44': 1.0, '45': 2.0, '48': 1.0, '50': 1.0, '54': 1.0, '56': 1.0, '57': 1.0, '58': 2.0, '67': 1.0, '68': 1.0, '69': 1.0, '82': 1.0, '84': 3.0, '87': 1.0, '89': 2.0, '92': 1.0}, 'ratings': {'0': 6.0, '2': 5.97, '3': 5.97, '4': 5.97, '6': 5.96, '9': 5.95, '10': 5.94, '11': 5.95, '13': 5.94, '14': 6.88, '17': 6.88, '20': 6.88, '21': 6.88, '24': 6.88, '25': 6.89, '27': 6.98, '31': 6.98, '33': 6.98, '34': 6.95, '40': 6.95, '41': 6.95, '42': 6.95, '44': 6.95, '45': 6.95, '48': 6.92, '50': 6.93, '54': 6.93, '56': 6.92, '57': 7.09, '58': 7.18, '59': 7.31, '67': 7.32, '68': 7.32, '69': 7.3, '75': 7.18, '82': 7.18, '84': 7.19, '85': 7.09, '87': 7.08, '89': 7.06, '92': 7.05}, 'shotsTotal': {'14': 1.0}, 'shotsOnTarget': {'14': 1.0}, 'touches': {'0': 1.0, '2': 1.0, '3': 1.0, '4': 1.0, '6': 1.0, '9': 2.0, '10': 1.0, '11': 3.0, '13': 1.0, '14': 1.0, '17': 1.0, '20': 1.0, '21': 1.0, '24': 1.0, '25': 1.0, '27': 2.0, '31': 1.0, '33': 1.0, '34': 1.0, '38': 1.0, '40': 3.0, '41': 3.0, '42': 1.0, '44': 1.0, '45': 2.0, '48': 2.0, '50': 2.0, '54': 1.0, '56': 1.0, '57': 1.0, '58': 2.0, '67': 1.0, '68': 1.0, '69': 1.0, '82': 1.0, '84': 3.0, '87': 1.0, '89': 2.0, '90': 1.0, '92': 1.0}, 'passesTotal': {'3': 1.0, '4': 1.0, '9': 2.0, '11': 3.0, '17': 1.0, '20': 1.0, '21': 1.0, '24': 1.0, '25': 1.0, '27': 2.0, '31': 1.0, '33': 1.0, '40': 3.0, '41': 3.0, '44': 1.0, '45': 2.0, '48': 1.0, '50': 1.0, '54': 1.0, '58': 1.0, '67': 1.0, '68': 1.0, '69': 1.0, '82': 1.0, '84': 3.0, '6': 1.0, '13': 1.0, '56': 1.0, '87': 1.0, '89': 1.0, '92': 1.0}, 'passesAccurate': {'3': 1.0, '4': 1.0, '9': 1.0, '11': 3.0, '17': 1.0, '20': 1.0, '21': 1.0, '24': 1.0, '25': 1.0, '27': 2.0, '31': 1.0, '33': 1.0, '40': 3.0, '41': 2.0, '44': 1.0, '45': 2.0, '48': 1.0, '50': 1.0, '54': 1.0, '58': 1.0, '67': 1.0, '68': 1.0, '69': 1.0, '82': 1.0, '84': 3.0}, 'passesKey': {'27': 1.0, '57': 1.0}, 'passSuccess': {'3': 100.0, '4': 100.0, '9': 50.0, '11': 100.0, '17': 100.0, '20': 100.0, '21': 100.0, '24': 100.0, '25': 100.0, '27': 100.0, '31': 100.0, '33': 100.0, '40': 100.0, '41': 66.67, '44': 100.0, '45': 100.0, '48': 100.0, '50': 100.0, '54': 100.0, '58': 100.0, '67': 100.0, '68': 100.0, '69': 100.0, '82': 100.0, '84': 100.0, '6': 0.0, '13': 0.0, '56': 0.0, '87': 0.0, '89': 0.0, '92': 0.0}, 'cornersTotal': {'9': 1.0, '41': 1.0, '56': 1.0, '89': 1.0}, 'cornersAccurate': {'57': 1.0}, 'throwInAccuracy': {'9': 0.0, '41': 0.0, '56': 0.0, '89': 0.0}, 'foulsCommited': {'75': 1.0}, 'tacklesTotal': {'69': 1.0}, 'tackleUnsuccesful': {'69': 1.0}, 'dribbledPast': {'69': 1.0}, 'dispossessed': {'2': 1.0, '34': 1.0, '48': 1.0}}",,,,,,,338
8,261212,10,Dani Olmo,AMC,179,72,26,True,False,away,"{'possession': {'7': 1.0, '9': 4.0, '10': 1.0, '11': 1.0, '13': 1.0, '14': 1.0, '16': 1.0, '18': 2.0, '19': 1.0, '20': 1.0, '24': 1.0, '26': 3.0, '30': 5.0, '31': 2.0, '33': 1.0, '41': 1.0, '43': 1.0, '45': 1.0, '47': 2.0, '53': 1.0, '57': 1.0, '59': 1.0, '60': 1.0, '67': 1.0, '69': 1.0}, 'ratings': {'0': 6.0, '7': 5.97, '9': 5.98, '10': 5.99, '11': 5.99, '13': 6.0, '14': 6.12, '16': 6.13, '18': 6.3, '19': 6.29, '20': 6.29, '24': 6.3, '25': 6.27, '26': 6.28, '27': 6.31, '30': 6.29, '31': 6.29, '33': 6.29, '38': 6.46, '41': 6.46, '43': 6.45, '45': 6.46, '47': 6.47, '53': 6.56, '57': 6.56, '59': 7.42, '60': 7.43, '66': 7.41, '67': 7.42, '69': 7.39, '71': 7.47}, 'shotsTotal': {'27': 1.0, '38': 1.0}, 'shotsOnTarget': {'38': 1.0}, 'shotsOffTarget': {'27': 1.0}, 'touches': {'7': 2.0, '9': 4.0, '10': 1.0, '11': 1.0, '13': 1.0, '14': 1.0, '16': 1.0, '18': 3.0, '19': 1.0, '20': 1.0, '24': 1.0, '25': 1.0, '26': 3.0, '27': 1.0, '30': 6.0, '31': 2.0, '33': 1.0, '38': 1.0, '41': 1.0, '43': 1.0, '45': 1.0, '47': 2.0, '53': 1.0, '57': 1.0, '59': 1.0, '60': 1.0, '66': 1.0, '67': 1.0, '69': 1.0}, 'passesTotal': {'7': 1.0, '9': 4.0, '10': 1.0, '11': 1.0, '13': 1.0, '16': 1.0, '18': 2.0, '20': 1.0, '24': 1.0, '26': 3.0, '30': 5.0, '31': 2.0, '33': 1.0, '41': 1.0, '45': 1.0, '47': 2.0, '53': 1.0, '57': 1.0, '59': 1.0, '60': 1.0, '67': 1.0, '69': 1.0, '14': 1.0, '19': 1.0, '43': 1.0}, 'passesAccurate': {'7': 1.0, '9': 4.0, '10': 1.0, '11': 1.0, '13': 1.0, '16': 1.0, '18': 2.0, '20': 1.0, '24': 1.0, '26': 3.0, '30': 5.0, '31': 1.0, '33': 1.0, '41': 1.0, '45': 1.0, '47': 2.0, '53': 1.0, '57': 1.0, '59': 1.0, '60': 1.0, '67': 1.0, '69': 1.0}, 'passesKey': {'53': 1.0, '59': 1.0}, 'passSuccess': {'7': 100.0, '9': 100.0, '10': 100.0, '11': 100.0, '13': 100.0, '16': 100.0, '18': 100.0, '20': 100.0, '24': 100.0, '26': 100.0, '30': 100.0, '31': 50.0, '33': 100.0, '41': 100.0, '45': 100.0, '47': 100.0, '53': 100.0, '57': 100.0, '59': 100.0, '60': 100.0, '67': 100.0, '69': 100.0, '14': 0.0, '19': 0.0, '43': 0.0}, 'tacklesTotal': {'69': 1.0}, 'tackleUnsuccesful': {'69': 1.0}, 'dribbledPast': {'69': 1.0}, 'dribblesWon': {'18': 1.0}, 'dribblesAttempted': {'18': 1.0, '66': 1.0}, 'dribblesLost': {'66': 1.0}, 'dribbleSuccess': {'18': 100.0, '66': 0.0}}",408449.0,"{'value': 2, 'displayName': 'SecondHalf'}",71.0,,,,338
9,395242,16,Álex Baena,AML,175,70,23,True,False,away,"{'possession': {'2': 1.0, '9': 3.0, '11': 1.0, '12': 2.0, '16': 1.0, '18': 1.0, '19': 1.0, '26': 1.0, '31': 2.0, '38': 1.0, '41': 1.0, '44': 1.0, '47': 1.0, '52': 1.0, '58': 1.0, '59': 1.0, '60': 1.0}, 'ratings': {'0': 6.0, '2': 6.0, '5': 5.97, '6': 5.95, '9': 6.13, '11': 6.13, '12': 6.12, '14': 6.26, '16': 6.24, '18': 6.23, '19': 6.22, '26': 6.23, '31': 6.35, '38': 6.43, '41': 6.44, '44': 6.44, '47': 6.44, '51': 6.42, '52': 6.54, '58': 6.56, '59': 6.69, '60': 6.68, '61': 6.67, '63': 6.75}, 'touches': {'2': 1.0, '5': 1.0, '7': 1.0, '9': 3.0, '11': 1.0, '12': 2.0, '16': 1.0, '18': 1.0, '19': 1.0, '26': 1.0, '31': 3.0, '38': 1.0, '41': 1.0, '44': 1.0, '47': 1.0, '52': 2.0, '58': 1.0, '59': 1.0, '60': 1.0}, 'passesTotal': {'2': 1.0, '9': 2.0, '11': 1.0, '12': 1.0, '16': 1.0, '26': 1.0, '31': 1.0, '38': 1.0, '41': 1.0, '44': 1.0, '47': 1.0, '58': 1.0, '59': 1.0, '52': 1.0, '60': 1.0}, 'passesAccurate': {'2': 1.0, '9': 2.0, '11': 1.0, '12': 1.0, '16': 1.0, '26': 1.0, '31': 1.0, '38': 1.0, '41': 1.0, '44': 1.0, '47': 1.0, '58': 1.0, '59': 1.0}, 'passesKey': {'9': 1.0, '38': 1.0}, 'passSuccess': {'2': 100.0, '9': 100.0, '11': 100.0, '12': 100.0, '16': 100.0, '26': 100.0, '31': 100.0, '38': 100.0, '41': 100.0, '44': 100.0, '47': 100.0, '58': 100.0, '59': 100.0, '52': 0.0, '60': 0.0}, 'cornersTotal': {'18': 1.0}, 'cornersAccurate': {'9': 1.0}, 'throwInAccuracy': {'18': 0.0}, 'foulsCommited': {'6': 1.0, '16': 1.0, '51': 1.0, '61': 1.0}, 'tacklesTotal': {'52': 1.0}, 'tackleSuccessful': {'52': 1.0}, 'tackleSuccess': {'52': 100.0}}",294193.0,"{'value': 2, 'displayName': 'SecondHalf'}",63.0,,,,338
10,135366,9,Ayoze Pérez,FW,178,66,31,True,False,away,"{'possession': {'1': 1.0, '8': 1.0, '9': 2.0, '14': 1.0, '21': 1.0, '34': 1.0, '37': 1.0, '41': 2.0, '44': 2.0, '54': 1.0}, 'ratings': {'0': 6.0, '1': 6.0, '8': 6.0, '9': 5.97, '11': 6.29, '14': 7.11, '17': 7.09, '21': 7.08, '27': 7.24, '29': 7.34, '34': 7.43, '37': 7.43, '41': 7.41, '44': 7.41, '53': 7.39, '54': 7.55, '59': 8.55, '66': 8.45, '70': 8.5}, 'shotsTotal': {'11': 1.0, '27': 1.0, '53': 1.0, '59': 1.0, '66': 1.0}, 'shotsOnPost': {'11': 1.0}, 'shotsOnTarget': {'27': 1.0, '59': 1.0}, 'shotsOffTarget': {'11': 1.0, '53': 1.0, '66': 1.0}, 'interceptions': {'29': 1.0}, 'touches': {'1': 1.0, '8': 1.0, '9': 3.0, '11': 1.0, '14': 1.0, '21': 1.0, '27': 1.0, '29': 1.0, '31': 1.0, '34': 2.0, '37': 1.0, '41': 4.0, '44': 2.0, '53': 1.0, '54': 2.0, '59': 1.0, '66': 1.0}, 'passesTotal': {'1': 1.0, '9': 2.0, '14': 1.0, '34': 1.0, '37': 1.0, '41': 2.0, '44': 2.0, '8': 1.0, '21': 1.0, '54': 1.0}, 'passesAccurate': {'1': 1.0, '9': 2.0, '14': 1.0, '34': 1.0, '37': 1.0, '41': 2.0, '44': 2.0}, 'passesKey': {'14': 1.0}, 'passSuccess': {'1': 100.0, '9': 100.0, '14': 100.0, '34': 100.0, '37': 100.0, '41': 100.0, '44': 100.0, '8': 0.0, '21': 0.0, '54': 0.0}, 'cornersTotal': {'8': 1.0}, 'foulsCommited': {'17': 1.0}, 'tacklesTotal': {'34': 1.0}, 'tackleSuccessful': {'34': 1.0}, 'tackleSuccess': {'34': 100.0}, 'dribblesWon': {'54': 1.0}, 'dribblesAttempted': {'54': 1.0}, 'dribbleSuccess': {'54': 100.0}, 'dispossessed': {'41': 1.0}}",91213.0,"{'value': 2, 'displayName': 'SecondHalf'}",70.0,,,,338
11,91213,7,Álvaro Morata,Sub,190,84,32,,False,away,"{'possession': {'73': 1.0, '74': 1.0, '79': 2.0, '82': 1.0, '85': 1.0, '89': 1.0, '90': 1.0}, 'ratings': {'70': 6.0, '73': 6.0, '74': 5.99, '78': 5.96, '79': 5.96, '82': 6.08, '85': 5.98, '86': 5.94, '89': 5.93, '90': 5.92, '91': 5.77, '96': 5.76}, 'touches': {'73': 1.0, '74': 1.0, '78': 1.0, '79': 2.0, '82': 2.0, '85': 1.0, '86': 1.0, '89': 1.0, '90': 1.0, '91': 1.0}, 'passesTotal': {'73': 1.0, '79': 2.0, '82': 1.0, '85': 1.0, '89': 1.0, '74': 1.0, '90': 1.0}, 'passesAccurate': {'73': 1.0, '79': 1.0, '82': 1.0, '85': 1.0, '89': 1.0}, 'passSuccess': {'73': 100.0, '79': 50.0, '82': 100.0, '85': 100.0, '89': 100.0, '74': 0.0, '90': 0.0}, 'aerialsTotal': {'82': 1.0}, 'aerialsWon': {'82': 1.0}, 'offensiveAerials': {'82': 1.0}, 'foulsCommited': {'89': 1.0, '91': 1.0, '96': 1.0}, 'dispossessed': {'78': 1.0}}",,,,"{'value': 2, 'displayName': 'SecondHalf'}",70.0,135366.0,338
12,294193,8,Fabián Ruiz,Sub,189,70,28,,False,away,"{'possession': {'64': 1.0, '67': 2.0, '68': 1.0, '70': 1.0, '71': 2.0, '72': 1.0, '74': 1.0, '76': 1.0, '77': 1.0, '79': 1.0, '82': 3.0, '84': 6.0, '85': 1.0}, 'ratings': {'63': 6.0, '64': 6.0, '67': 6.0, '68': 6.01, '70': 6.01, '71': 6.01, '72': 6.01, '74': 6.02, '76': 6.01, '77': 6.01, '79': 6.02, '82': 6.02, '83': 6.08, '84': 6.1, '85': 6.0}, 'shotsTotal': {'83': 1.0}, 'shotsOffTarget': {'83': 1.0}, 'touches': {'64': 1.0, '67': 3.0, '68': 1.0, '70': 1.0, '71': 2.0, '72': 1.0, '74': 1.0, '76': 1.0, '77': 1.0, '79': 1.0, '82': 3.0, '83': 1.0, '84': 6.0, '85': 1.0, '92': 1.0}, 'passesTotal': {'64': 1.0, '67': 2.0, '68': 1.0, '70': 1.0, '71': 2.0, '72': 1.0, '74': 1.0, '77': 1.0, '79': 1.0, '82': 3.0, '84': 6.0, '85': 1.0, '76': 1.0}, 'passesAccurate': {'64': 1.0, '67': 2.0, '68': 1.0, '70': 1.0, '71': 2.0, '72': 1.0, '74': 1.0, '77': 1.0, '79': 1.0, '82': 3.0, '84': 6.0, '85': 1.0}, 'passSuccess': {'64': 100.0, '67': 100.0, '68': 100.0, '70': 100.0, '71': 100.0, '72': 100.0, '74': 100.0, '77': 100.0, '79': 100.0, '82': 100.0, '84': 100.0, '85': 100.0, '76': 0.0}}",,,,"{'value': 2, 'displayName': 'SecondHalf'}",63.0,395242.0,338
13,402197,20,Pedri,Sub,174,60,21,,False,away,"{'possession': {'82': 1.0, '83': 2.0, '84': 4.0, '86': 1.0, '89': 1.0, '93': 1.0}, 'ratings': {'81': 6.0, '82': 6.0, '83': 6.0, '84': 6.01, '85': 5.91, '86': 5.91, '89': 5.92, '92': 5.88, '93': 5.9}, 'touches': {'82': 1.0, '83': 2.0, '84': 4.0, '86': 1.0, '89': 1.0, '92': 2.0, '93': 1.0}, 'passesTotal': {'82': 1.0, '83': 2.0, '84': 4.0, '86': 1.0, '89': 1.0, '93': 1.0}, 'passesAccurate': {'82': 1.0, '83': 1.0, '84': 4.0, '86': 1.0, '89': 1.0, '93': 1.0}, 'passSuccess': {'82': 100.0, '83': 50.0, '84': 100.0, '86': 100.0, '89': 100.0, '93': 100.0}, 'dispossessed': {'92': 1.0}}",,,,"{'value': 2, 'displayName': 'SecondHalf'}",81.0,238916.0,338
14,408449,11,Nico Williams,Sub,181,67,22,,False,away,"{'possession': {'72': 1.0, '73': 1.0, '74': 2.0, '77': 1.0, '78': 1.0, '82': 1.0, '83': 1.0, '91': 1.0, '93': 1.0, '97': 1.0}, 'ratings': {'71': 6.0, '72': 6.0, '73': 6.0, '74': 6.0, '77': 5.99, '78': 6.0, '82': 6.0, '83': 6.0, '85': 5.9, '90': 5.87, '91': 5.87, '93': 5.86, '94': 5.83, '95': 5.8, '97': 5.87}, 'touches': {'71': 1.0, '72': 2.0, '73': 1.0, '74': 2.0, '77': 1.0, '78': 1.0, '82': 1.0, '83': 1.0, '90': 1.0, '91': 1.0, '93': 1.0, '94': 1.0, '95': 2.0, '97': 1.0}, 'passesTotal': {'73': 1.0, '74': 2.0, '78': 1.0, '82': 1.0, '83': 1.0, '91': 1.0, '72': 1.0, '77': 1.0, '93': 1.0, '97': 1.0}, 'passesAccurate': {'73': 1.0, '74': 1.0, '78': 1.0, '82': 1.0, '83': 1.0, '91': 1.0}, 'passSuccess': {'73': 100.0, '74': 50.0, '78': 100.0, '82': 100.0, '83': 100.0, '91': 100.0, '72': 0.0, '77': 0.0, '93': 0.0, '97': 0.0}, 'aerialsTotal': {'97': 1.0}, 'aerialsWon': {'97': 1.0}, 'defensiveAerials': {'97': 1.0}, 'dispossessed': {'95': 1.0}}",,,,"{'value': 2, 'displayName': 'SecondHalf'}",71.0,261212.0,338
15,454343,15,Marc Casadó,Sub,172,66,21,,False,away,"{'possession': {'73': 1.0, '77': 2.0, '78': 1.0, '82': 1.0, '83': 1.0, '84': 6.0, '90': 2.0}, 'ratings': {'71': 6.0, '73': 6.0, '76': 6.04, '77': 6.04, '78': 6.04, '79': 6.21, '82': 6.21, '83': 6.2, '84': 6.22, '85': 6.12, '87': 6.17, '90': 6.17, '93': 6.16, '95': 6.24}, 'clearances': {'87': 1.0}, 'touches': {'72': 1.0, '73': 1.0, '76': 1.0, '77': 2.0, '78': 1.0, '79': 3.0, '82': 1.0, '83': 1.0, '84': 6.0, '87': 1.0, '90': 2.0, '95': 1.0}, 'passesTotal': {'73': 1.0, '77': 2.0, '78': 1.0, '82': 1.0, '84': 6.0, '90': 2.0, '83': 1.0}, 'passesAccurate': {'73': 1.0, '77': 2.0, '78': 1.0, '82': 1.0, '84': 6.0, '90': 1.0}, 'passSuccess': {'73': 100.0, '77': 100.0, '78': 100.0, '82': 100.0, '84': 100.0, '90': 50.0, '83': 0.0}, 'foulsCommited': {'93': 1.0}, 'tacklesTotal': {'79': 1.0}, 'tackleSuccessful': {'79': 1.0}, 'tackleSuccess': {'79': 100.0}}",,,,"{'value': 2, 'displayName': 'SecondHalf'}",71.0,372424.0,338
16,107252,3,Álex Grimaldo,Sub,171,63,29,,False,away,{},,,,,,,338
17,270504,13,Álex Remiro,Sub,192,79,29,,False,away,{},,,,,,,338
18,362151,23,Robert Sánchez,Sub,197,90,26,,False,away,{},,,,,,,338
19,397469,12,Óscar Mingueza,Sub,184,75,25,,False,away,{},,,,,,,338
20,402663,4,Aitor Paredes,Sub,186,76,24,,False,away,{},,,,,,,338
21,403865,19,Yeremy Pino,Sub,172,65,22,,False,away,{},,,,,,,338
22,497564,22,Samu Aghehowa,Sub,193,90,20,,False,away,{},,,,,,,338
